origin,neighbor,centroid_distance_km
AT11,AT12,98.86331643593995
AT11,AT13,74.38451163148291
AT11,AT22,117.80208811440363
AT11,HU21,126.57689324759028
AT11,HU22,53.619211763056
AT11,SK01,99.88091229334559
AT12,AT13,46.74254828057518
AT12,AT22,124.97157541209967
AT12,AT31,133.86876361766122
AT12,CZ06,112.46677543301479
AT12,SK01,104.97490136942773
AT13,CZ06,116.73180189881694
AT13,HU22,122.53827812148968
AT13,SK01,60.2391248969563
AT13,SK02,127.14467977487303
AT21,AT22,98.86110507649472
AT21,AT32,94.61159583631762
AT21,ITH4,94.83533813094806
AT21,SI03,122.75818312050617
AT21,SI04,80.30408800987495
AT22,AT31,123.9040778041027
AT22,SI03,125.2608195897576
AT22,SI04,149.8764627943761
AT31,AT32,105.90452203854674
AT31,CZ03,130.52975258103115
AT31,DE22,108.11668455540413
AT32,AT33,121.87369432032227
AT32,DE21,126.9046391313925
AT32,DE22,146.5696592164575
AT32,ITH4,136.41556430187114
AT33,AT34,121.88733323204636
AT33,DE21,102.21644931534942
AT33,DE27,130.71050677433308
AT33,ITH1,56.16979220160634
AT33,ITH2,121.86571418716854
AT34,DE13,152.7643685520478
AT34,DE14,103.42143719050719
AT34,DE27,114.04317747215241
AT34,ITH1,130.23006269359306
BE10,BE21,49.947321772545884
BE10,BE23,46.32060511137367
BE10,BE24,14.741438059577922
BE10,BE25,95.60574172602331
BE10,BE31,22.967963356122073
BE10,BE32,50.68779212238606
BE10,FRE1,124.34144960306698
BE10,NL34,77.85641376760837
BE21,BE22,56.19569843939045
BE21,BE24,40.43667347117079
BE21,BE31,63.47171387248152
BE21,NL34,62.03474227670304
BE21,NL36,80.64783515369923
BE21,NL41,48.79773975685216
BE22,BE24,60.34226174522803
BE22,BE33,56.84037843557357
BE22,DEA1,95.79073565517288
BE22,NL41,65.6106133021339
BE22,NL42,43.15065874978209
BE23,BE24,57.230931681715184
BE23,BE25,53.0682201528662
BE23,BE32,64.27515521169337
BE23,FRE1,99.20309245699937
BE23,NL34,48.836115410414706
BE24,BE31,23.38811348245013
BE24,BE32,63.35547694436805
BE24,BE35,72.6565951739831
BE25,BE32,88.00834277015207
BE25,FRE1,64.33446745072209
BE25,FRE2,153.07014737546476
BE25,NL34,79.246780371144
BE31,BE32,48.83685230889961
BE31,BE34,104.22666398894992
BE31,BE35,50.7099299450814
BE32,BE35,67.97662484902014
BE32,FRE1,87.95248832757042
BE32,FRE2,123.51757343543812
BE33,BE34,64.70354689017908
BE33,BE35,69.36485208758249
BE33,DEA2,82.47435657965597
BE33,DEB2,90.27403100020429
BE33,LU00,86.57745154150427
BE33,NL42,77.99465229780279
BE34,BE35,57.844421053893335
BE34,DEB2,83.18858360867611
BE34,FRF2,153.3903199027501
BE34,LU00,46.34986805180548
BE35,LU00,103.79024656051932
BG31,BG32,178.62497638011016
BG31,BG41,130.82704699583203
BG31,BG42,189.2942020925273
BG31,RO41,131.36465458463113
BG31,RS22,157.12085294415417
BG32,BG33,103.25851665555292
BG32,BG34,117.58605404615034
BG32,RO22,233.05894221354217
BG32,RO31,127.2668015277572
BG32,RO32,115.66759115374369
BG33,BG34,119.84420341405357
BG33,RO22,198.89439918973062
BG33,RO31,178.17068423241247
BG33,RO32,157.00693486408923
BG34,BG42,140.47848447320547
BG34,EL51,189.19385257958373
BG34,TR10,233.28422147134938
BG34,TR21,134.4530804881249
BG41,BG42,145.2376984685172
BG41,EL51,195.05222895040217
BG41,EL52,177.39581249066953
BG41,MK00,158.38161978055123
BG41,RS22,179.5942173889733
BG42,EL51,86.5338414295772
BG42,TR21,188.30626506972402
CZ01,CZ02,9.637494734511405
CZ01,CZ03,92.93154582976781
CZ01,CZ04,83.18874520010696
CZ01,CZ05,96.15985940692282
CZ01,DED2,125.8404797564223
CZ02,CZ03,89.91712388692515
CZ02,CZ04,92.2810194445193
CZ02,CZ05,92.06060884879224
CZ02,DED2,134.06894804740273
CZ03,CZ04,125.41292710515005
CZ03,DE22,107.39619489213574
CZ03,DE23,130.70728631700837
CZ04,DED2,100.68095826159716
CZ04,DED4,57.51133686622465
CZ04,DED5,119.64220860707397
CZ05,CZ06,119.6647600350935
CZ05,CZ07,145.52996683903987
CZ05,PL51,99.70121392645908
CZ06,CZ07,96.99179428060938
CZ06,CZ08,145.95367406324857
CZ06,SK01,126.05944919916264
CZ07,CZ08,50.970986645877005
CZ07,PL22,142.78406564319235
CZ07,PL52,128.15309264523987
CZ07,SK01,136.59176295797954
CZ07,SK02,132.90403106494594
CZ08,PL22,91.81440885431236
CZ08,PL52,91.98795846930742
CZ08,SK03,152.0414737626256
DE11,DE12,68.69936170904187
DE11,DE13,151.28541385952053
DE11,DE14,99.79550391878489
DE11,DE25,92.70223382748429
DE11,DE26,112.83006163120714
DE11,DE27,115.94830942902556
DE12,DE13,115.00311628338214
DE12,DE14,115.501961783395
DE12,DE71,116.28944682532642
DE12,DEB3,73.37782270272184
DE12,FRF1,119.26616882462203
DE13,DE14,95.44532140384028
DE13,FRC2,184.63776232727267
DE13,FRF1,67.74459166702678
DE14,DE27,76.51168510304402
DE21,DE22,101.26574440015771
DE21,DE23,145.45390719333184
DE21,DE27,91.82665959340052
DE22,DE23,90.1696297960996
DE23,DE24,91.48272259546815
DE23,DE25,97.43811607947751
DE24,DE25,88.90601800405972
DE24,DE26,102.47795866918975
DE24,DED4,125.13788277207715
DE24,DEG0,98.05939862684914
DE25,DE26,95.21321584182112
DE25,DE27,132.58838672651757
DE26,DE71,84.62018727213271
DE26,DE72,110.81111610500109
DE26,DE73,121.05087366655765
DE26,DEG0,124.8346282531637
DE30,DE40,2.5459925565564605
DE30,DE80,151.11629946634972
DE30,DED5,135.6948474364624
DE30,DEE0,127.91633525177781
DE30,PL42,187.5661799825785
DE30,PL43,136.24383542290283
DE40,DE80,153.47373114256857
DE40,DED2,152.6474677976505
DE40,DED5,133.32954756813993
DE40,DEE0,126.866026085945
DE40,PL42,189.2557137811364
DE40,PL43,135.68947971643598
DE50,DE60,88.37150457275906
DE50,DE92,97.0760649338004
DE50,DE93,69.93519832204147
DE50,DE94,70.65799108104378
DE50,DEF0,131.19768787134646
DE60,DE80,176.06882883086317
DE60,DE92,136.027011483615
DE60,DE93,44.56344832744669
DE60,DE94,158.7408007686721
DE60,DEF0,66.62219147538863
DE60,DK03,200.45152106715287
DE60,DK04,298.7316933529102
DE60,DK05,387.7245002340156
DE71,DE72,65.08004108160995
DE71,DEB1,93.0255889885385
DE71,DEB3,88.87687907769417
DE72,DE73,67.97441261359995
DE72,DEA5,90.73553216742158
DE72,DEB1,98.01410771271716
DE73,DE91,125.40064154210803
DE73,DEA4,108.02924525418875
DE73,DEA5,105.40515917921645
DE73,DEG0,111.4859047196457
DE80,DE93,193.61273815713093
DE80,DEF0,184.8642775739886
DE80,DK05,410.6790989671612
DE91,DE92,78.33386327425687
DE91,DE93,132.8340193682372
DE91,DEA4,107.34182248036434
DE91,DEE0,93.69102936050326
DE92,DE93,91.83977748094267
DE92,DE94,122.73340244756929
DE92,DEA4,64.51251135615018
DE93,DEF0,110.43716355426385
DE93,DK03,243.26539876203285
DE93,DK04,341.9438282383773
DE94,DEA3,111.53144257302499
DE94,NL11,76.08054671594738
DE94,NL13,78.16984418254579
DE94,NL21,105.49069852847472
DEA1,DEA2,70.09718213638024
DEA1,DEA3,81.32554037115193
DEA1,DEA5,99.26934004943023
DEA1,NL22,82.44448724609286
DEA1,NL42,52.694195094325394
DEA2,DEA5,100.36942928893654
DEA2,DEB1,80.96216799710089
DEA2,DEB2,95.21278682674979
DEA2,NL42,73.786506089691
DEA3,DEA4,93.47465351815464
DEA3,DEA5,81.37639665547155
DEA3,NL21,88.54025532203764
DEA3,NL22,102.9063415239436
DEA4,DEA5,88.30496004435577
DEB1,DEB2,67.0198766121172
DEB1,DEB3,93.02091711649935
DEB1,DEC0,103.93458012924982
DEB2,DEB3,107.26577847132647
DEB2,DEC0,67.83397261731503
DEB2,FRF3,140.0528012911812
DEB2,LU00,46.94683699842471
DEB3,DEC0,72.23188614869055
DEB3,FRF1,132.11282245006356
DEC0,FRF1,123.41160556737077
DEC0,FRF3,91.40472349192686
DEC0,LU00,75.07727978342804
DED2,DED4,106.87491252057198
DED2,DED5,103.58125164652685
DED2,PL43,140.73678331488236
DED2,PL51,159.36730847157386
DED4,DED5,71.52501639114371
DED4,DEG0,126.64365827182161
DED5,DEE0,98.16068279060678
DED5,DEG0,126.46036722403697
DEE0,DEG0,131.09146361687453
DEF0,DK03,134.0989653626095
DEF0,DK04,232.14210785924905
DEF0,DK05,321.1636409031825
DK03,DK04,98.9222306991299
DK03,DK05,189.88383908795947
DK04,DK05,91.83566826866532
EE00,LT01,430.1103319588457
EE00,LT02,379.21402838707024
EE00,LV00,205.25963016392012
EE00,PL62,610.0522166500662
EE00,PL84,625.2502854168033
EL30,EL54,312.0042181202696
EL30,EL61,223.04400679457413
EL30,EL63,183.23225049370802
EL30,EL64,111.95854182980742
EL30,EL65,112.75823807374063
EL51,EL52,190.3186977641134
EL51,TR21,171.100888838701
EL52,EL53,131.95848792899542
EL52,EL54,225.88201354564424
EL52,EL61,147.92413895398755
EL52,MK00,140.86773109296286
EL53,EL54,104.56142645879967
EL53,EL61,110.57802707187844
EL53,EL64,221.724771106342
EL53,MK00,137.88513720049804
EL54,EL61,124.5372977359597
EL54,EL63,160.49222746942195
EL54,EL64,206.75730989934144
EL54,EL65,287.1794076488156
EL54,ITF6,388.96790568579416
EL61,EL63,150.66723319664047
EL61,EL64,111.38198435882613
EL61,EL65,242.680437672252
EL61,MK00,231.7607223760308
EL63,EL64,119.60460900165134
EL63,EL65,128.3206694591386
EL64,EL65,148.88215540286254
ES11,ES12,166.77792798959865
ES11,ES13,317.57110456855156
ES11,ES41,280.8609954048113
ES11,PT11,145.05717937239055
ES11,PT19,274.9628300673647
ES12,ES13,157.95847035887346
ES12,ES21,275.0732432771157
ES12,ES41,198.53760086984892
ES12,PT11,246.434924129887
ES13,ES21,117.19901684682118
ES13,ES22,205.26627785428465
ES13,ES23,161.93789050771815
ES13,ES41,170.47040692287763
ES21,ES22,90.42835503996658
ES21,ES23,84.87823740998557
ES21,ES24,235.43049294421488
ES21,ES41,227.3461001223421
ES21,FRI1,239.81467007892383
ES22,ES23,83.9967911824112
ES22,ES24,152.8005883009543
ES22,ES51,279.6483439799139
ES22,FRI1,217.07268926430476
ES23,ES24,176.63418639029038
ES23,ES30,221.09338510428123
ES23,ES41,196.68430798298775
ES24,ES30,279.1724298471938
ES24,ES51,185.75152261915628
ES24,ES52,234.0550332162025
ES24,ES62,393.2663697414261
ES30,ES41,168.0254933755444
ES30,ES42,118.27392427708357
ES30,ES43,252.00627509168177
ES30,ES52,298.45636004301343
ES30,ES62,338.76212229036844
ES41,PT11,243.5540724281892
ES42,ES43,274.9025911265878
ES42,ES52,213.02884537480412
ES42,ES61,268.6285022210573
ES42,ES62,221.04104248299103
ES43,ES61,237.29010991145438
ES43,PT15,273.1568861643802
ES43,PT19,191.05894940064903
ES43,PT1B,243.5889014212781
ES43,PT1C,176.16703386323684
ES43,PT1D,217.23557831028646
ES51,ES52,317.89158047189244
ES51,FRJ1,240.8199934811866
ES51,FRJ2,217.62106309759565
ES52,ES62,173.28555351467995
ES61,ES62,279.17288136022165
ES61,PT15,316.89486703279084
ES61,PT1C,314.4375934958506
FR10,FRB0,150.574566090387
FR10,FRC1,204.6878159543102
FR10,FRD1,223.3440623258797
FR10,FRD2,133.02886074415042
FR10,FRE1,196.19062818689702
FR10,FRE2,105.68299718217402
FR10,FRF2,149.7960747541439
FRB0,FRC1,188.13868579749737
FRB0,FRD1,230.2945492874731
FRB0,FRD2,218.78366163432884
FRB0,FRG0,188.75228211586884
FRB0,FRH0,345.13402774825977
FRB0,FRI2,189.57890594789282
FRB0,FRI3,198.6743634218847
FRB0,FRK1,233.61802639922658
FRC1,FRC2,146.74096042100777
FRC1,FRF2,167.6014193134701
FRC1,FRK1,192.3218858566851
FRC2,FRF1,160.17528901713482
FRC2,FRF3,172.79153051568292
FRC2,FRK2,205.1277494823942
FRC2,ITC2,192.11906159634833
FRD1,FRD2,122.25379677981553
FRD1,FRG0,163.50304110952266
FRD1,FRH0,188.07521659592518
FRD2,FRE1,171.9528035798532
FRD2,FRE2,132.97445143893398
FRD2,FRG0,252.1134498000747
FRD2,FRH0,310.32869930869526
FRE1,FRE2,92.30896995388485
FRE2,FRF2,162.9596328981353
FRF1,FRF3,106.72353966622782
FRF2,FRF3,117.7365762729565
FRF2,LU00,162.2623894432098
FRF3,LU00,112.63667422700748
FRG0,FRH0,168.20407718486774
FRG0,FRI3,156.81052671290504
FRH0,FRI3,305.5736870171018
FRI1,FRI2,219.6262405651064
FRI1,FRI3,201.24934604368542
FRI1,FRJ2,152.50859024996043
FRI2,FRI3,146.075508007629
FRI2,FRJ2,223.4813830345405
FRI2,FRK1,114.71344878913902
FRI3,FRK1,259.4916883884328
FRJ1,FRJ2,141.7390344971437
FRJ1,FRK1,228.41227631414228
FRJ1,FRK2,265.20405272059435
FRJ1,FRL0,232.8810571156134
FRJ2,FRK1,247.99369352997772
FRK1,FRK2,170.79519977180692
FRK2,FRL0,173.72232967949188
FRK2,ITC1,207.43899767030024
FRK2,ITC2,164.7108484355577
FRL0,ITC1,192.34616986486355
FRL0,ITC2,224.29227179592831
FRL0,ITC3,215.81613472175704
HR02,HR03,180.555331351096
HR02,HR05,108.32362710933388
HR02,HR06,101.10083828224678
HR02,HU23,115.85577401636448
HR02,SI03,176.92904112982174
HR03,HR05,165.9210198577998
HR03,HR06,193.54779804145645
HR03,SI03,203.0543317862238
HR03,SI04,223.4781971173732
HR05,HR06,31.765329873794073
HR05,SI03,69.52134914994741
HR05,SI04,147.95607288878116
HR06,HU22,140.24650809945567
HR06,HU23,140.4476180892263
HR06,SI03,81.09678188170966
HU11,HU12,21.560857790327017
HU11,HU21,78.81370871325366
HU11,HU23,151.75634376758478
HU11,HU31,120.6489185577515
HU11,HU33,124.1240389155105
HU11,SK02,129.10149333148377
HU11,SK03,146.97125159764263
HU12,HU21,95.71062394567235
HU12,HU31,109.44819211065793
HU12,HU32,149.8530468890438
HU12,HU33,106.19549223691
HU12,SK02,147.96774828431776
HU21,HU22,86.89590973159885
HU21,HU23,100.03081522334327
HU21,SK02,131.70891113277463
HU22,HU23,123.33790997283225
HU22,SK01,127.83180483674647
HU23,HU33,159.11017887133897
HU23,RS12,189.1935925921244
HU31,HU32,82.54111139629308
HU31,RO11,233.42942605752438
HU31,SK03,116.88976727971846
HU31,SK04,114.31113783821478
HU32,HU33,147.02254632125877
HU32,RO11,155.96502393706865
HU32,SK04,150.91986378751207
HU33,RO42,175.93088271767272
HU33,RS11,216.1836492486927
HU33,RS12,131.92981845541277
ITC1,ITC2,85.56106669519092
ITC1,ITC3,107.57046402949067
ITC1,ITC4,158.31607892786738
ITC2,ITC3,192.69852573911697
ITC2,ITC4,185.75650449033168
ITC3,ITC4,171.54829595199215
ITC3,ITH5,188.6357412689806
ITC3,ITI1,215.5905535749511
ITC4,ITH2,118.45365784735982
ITC4,ITH3,161.6180058256377
ITC4,ITH5,157.1798827525231
ITF1,ITF2,85.65021880404576
ITF1,ITF3,171.69436726548722
ITF1,ITF4,269.11373483024806
ITF1,ITF5,266.5646707213278
ITF1,ITI2,138.8171911024439
ITF1,ITI3,135.62586420471604
ITF1,ITI4,94.37975377525878
ITF2,ITF3,93.40529553483827
ITF2,ITF4,187.348432131706
ITF2,ITF5,180.93384648263174
ITF2,ITF6,325.3540948557614
ITF2,ITI4,155.46972264679295
ITF3,ITF4,152.28659217372368
ITF3,ITF5,112.46961400858324
ITF3,ITF6,236.55342601197077
ITF3,ITI4,212.58884587047498
ITF4,ITF5,71.66007046072629
ITF4,ITF6,213.6214772004853
ITF4,ME00,295.8370809837748
ITF5,ITF6,159.81044035197763
ITH1,ITH2,66.50517923980487
ITH1,ITH3,119.74268062105133
ITH1,ITH4,139.9140254588035
ITH2,ITH3,77.49610219052443
ITH2,ITH4,150.8192348950287
ITH2,ITH5,178.3370161135885
ITH3,ITH4,109.94832088676061
ITH3,ITH5,140.73666855072622
ITH4,SI04,83.73284909639251
ITH5,ITI1,120.55810390285608
ITH5,ITI2,208.08002413974071
ITH5,ITI3,214.67415641021924
ITI1,ITI2,122.51965833084967
ITI1,ITI3,164.9759686506567
ITI1,ITI4,210.5047065739457
ITI2,ITI3,67.916129920015
ITI2,ITI4,112.39511745509044
ITI3,ITI4,154.41452854412833
LT01,LT02,119.94992566478828
LT01,LV00,228.38959369027864
LT01,PL62,305.4517991448853
LT01,PL84,230.4535951525347
LT01,PL92,387.2626405127095
LT02,LV00,177.9715020235802
LT02,PL62,253.2288196438254
LT02,PL84,246.55424655106327
LV00,PL62,423.30932380668594
LV00,PL84,421.57788967459805
ME00,MK00,240.15304128638164
ME00,RS11,229.57880526562275
ME00,RS21,148.200228305257
ME00,RS22,235.51371779004458
MK00,RS22,219.0910005914402
NL11,NL12,65.09406868071456
NL11,NL13,40.81719315094586
NL11,NL21,87.55683617750256
NL11,NL23,111.81957940639879
NL12,NL13,60.0047896029163
NL12,NL21,80.81488992740144
NL12,NL23,61.829368853403494
NL12,NL32,78.34994363880529
NL13,NL21,46.808911595328254
NL13,NL23,82.86478366208743
NL21,NL22,54.46745964958728
NL21,NL23,63.388298762292116
NL22,NL23,61.408095523333344
NL22,NL32,92.50275472833037
NL22,NL35,53.694283846385545
NL22,NL41,76.5935726497454
NL23,NL32,40.23965833700272
NL23,NL35,56.52389170487648
NL32,NL35,60.858526884370455
NL32,NL36,80.6704523852916
NL34,NL36,64.78175752955316
NL35,NL36,49.740422994751434
NL35,NL41,58.584858055249555
NL36,NL41,65.14287430149284
NL41,NL42,64.97235337222266
PL21,PL22,104.95930499502097
PL21,PL72,107.21452662388332
PL21,PL82,136.46733353268877
PL21,SK03,135.3933976759785
PL21,SK04,124.10119382488357
PL22,PL52,85.7657748439219
PL22,PL71,145.47917075714926
PL22,PL72,134.2113874371869
PL22,PL82,229.85993211323216
PL41,PL42,180.49215870993967
PL41,PL43,130.94101851405446
PL41,PL51,149.77193520467205
PL41,PL61,118.00961565176242
PL41,PL63,208.36161684382648
PL41,PL71,169.01465977515335
PL42,PL43,154.85505024574107
PL42,PL63,171.3695146139231
PL43,PL51,143.50808097855096
PL43,PL63,279.3729927709935
PL51,PL52,115.60798877715996
PL52,PL71,150.57136393309693
PL61,PL62,177.82679055504562
PL61,PL63,125.09632153186095
PL61,PL71,174.7508109057177
PL61,PL92,192.4229575826835
PL62,PL63,190.18170273823125
PL62,PL84,154.55363455635245
PL62,PL91,182.01062215227705
PL62,PL92,167.74549003612844
PL71,PL72,132.85385491492505
PL71,PL91,137.20201141598494
PL71,PL92,142.82397936123783
PL72,PL81,158.62330715302252
PL72,PL82,134.27156049789343
PL72,PL91,166.0921699784186
PL81,PL82,150.42290146764813
PL81,PL84,227.60689417509894
PL81,PL91,166.9813610553112
PL81,PL92,178.43070677383355
PL82,SK04,131.68164261753984
PL84,PL91,166.50579778821412
PL84,PL92,158.89587529047185
PL91,PL92,14.290835453041943
PT11,PT19,131.55726441910534
PT11,PT1D,253.21453405174015
PT15,PT1A,206.3533695732601
PT15,PT1B,167.63646211116819
PT15,PT1C,126.9834146750037
PT15,PT1D,231.1169059998525
PT19,PT1A,193.94773720570763
PT19,PT1B,201.28518770514717
PT19,PT1D,128.69660160248975
PT1A,PT1B,41.79918101723523
PT1A,PT1C,127.63833285072496
PT1A,PT1D,67.00401611073008
PT1B,PT1C,88.18959481658
PT1B,PT1D,74.80026259310044
PT1C,PT1D,119.32000731193224
RO11,RO12,159.3746288109586
RO11,RO21,253.6290258721682
RO11,RO42,197.69409498699713
RO11,SK04,246.1194551433417
RO12,RO21,176.52029108972727
RO12,RO31,194.48464038635376
RO12,RO32,213.42930345267374
RO12,RO41,199.2591261340554
RO21,RO22,235.9842133780016
RO21,RO31,284.43512398237465
RO21,RO32,291.86359382214107
RO22,RO31,163.83544214058674
RO22,RO32,150.5169201437098
RO31,RO32,22.74592481704531
RO31,RO41,176.1470280520695
RO32,RO41,196.280193824324
RO41,RO42,180.77482212051302
RO41,RS22,182.00566143932934
RO42,RS11,171.1289876693575
RO42,RS12,153.18265083648538
RO42,RS21,246.65054331654915
RS11,RS12,86.80363874842433
RS11,RS21,89.90055784945386
RS11,RS22,169.87985635703603
RS12,RS21,173.15971768019273
RS21,RS22,132.48909291990972
SI03,SI04,87.46226085711922
SK01,SK02,66.944925052917
SK02,SK03,104.64911528866183
SK03,SK04,138.9072407407704
TR10,TR21,137.77046945336483
TR10,TR22,188.76338464900846
TR10,TR41,183.1909980562796
TR10,TR42,183.3104881182044
TR21,TR22,168.516895947823
TR21,TR31,317.7769715734901
TR22,TR31,151.42419622401658
TR22,TR32,280.86252142091826
TR22,TR33,203.59880123599763
TR22,TR41,234.87957343712708
TR31,TR32,161.90427796253874
TR31,TR33,194.9765001214217
TR31,TR41,297.96685677827656
TR32,TR33,171.72703151001647
TR32,TR41,303.131544940156
TR32,TR61,189.81977926059122
TR33,TR41,131.48685802384261
TR33,TR42,244.48483506830945
TR33,TR52,301.9205771007964
TR33,TR61,212.56590536861285
TR41,TR42,113.13528918188696
TR41,TR51,205.77827024767433
TR41,TR61,299.66418723220085
TR41,TR81,245.53450949528926
TR42,TR51,173.7330103820435
TR42,TR81,139.31455623203223
TR42,TR82,261.0047128948605
TR51,TR52,213.71015286826184
TR51,TR61,333.8310645281114
TR51,TR71,179.1910765596318
TR51,TR81,168.2087099911644
TR51,TR82,201.73964895596572
TR51,TR83,284.5679580435815
TR52,TR61,191.2137348570063
TR52,TR62,192.14314191003524
TR52,TR71,167.94250298117692
TR62,TR63,190.17646914233427
TR62,TR71,195.85555544041267
TR62,TR72,302.02292158536477
TR62,TRC1,283.7967887880218
TR63,TR71,256.21701639679196
TR63,TR72,206.84560065130248
TR63,TRC1,96.50568381690881
TR63,TRC2,261.8184201131421
TR71,TR72,199.32345834325227
TR71,TR82,280.51155615053483
TR71,TR83,252.51442275304552
TR72,TR83,164.70377354129076
TR72,TR90,325.74830410893935
TR72,TRB1,253.15106776448357
TR72,TRC1,240.4791173312034
TR81,TR82,129.49509250325565
TR81,TR83,285.88648774188516
TR82,TR83,161.3399408446894
TR83,TR90,333.7759390236511
TR90,TRA1,127.67662407101977
TR90,TRA2,306.00633176535615
TR90,TRB1,221.89651966069138
TRA1,TRA2,209.50087526314343
TRA1,TRB1,185.70301180534508
TRA1,TRB2,259.2077216685811
TRA1,TRC2,283.628049894012
TRA1,TRC3,271.03280058673715
TRA2,TRB1,375.04483511843154
TRA2,TRB2,193.81120269315346
TRA2,TRC3,319.55453325492493
TRB1,TRB2,333.7055967886636
TRB1,TRC1,209.00058785700347
TRB1,TRC2,134.66941244560675
TRB1,TRC3,242.81762466178517
TRB2,TRC2,321.720930529691
TRB2,TRC3,159.36979882239135
TRC1,TRC2,166.9985438032549
TRC2,TRC3,179.34173905535005
