origin,neighbor
AT11,AT12
AT11,AT22
AT11,HU22
AT11,SI03
AT11,SK01
AT12,AT13
AT12,AT22
AT12,AT31
AT12,CZ03
AT12,CZ06
AT12,SK01
AT12,SK02
AT21,AT22
AT21,AT32
AT21,AT33
AT21,ITH3
AT21,ITH4
AT21,SI03
AT21,SI04
AT22,AT31
AT22,AT32
AT22,SI03
AT31,AT32
AT31,CZ03
AT31,DE21
AT31,DE22
AT32,AT33
AT32,DE21
AT32,ITH1
AT33,AT34
AT33,DE21
AT33,DE27
AT33,ITH1
AT33,ITH3
AT34,DE27
BE10,BE24
BE21,BE22
BE21,BE23
BE21,BE24
BE21,NL34
BE21,NL41
BE22,BE24
BE22,BE33
BE22,NL41
BE22,NL42
BE23,BE24
BE23,BE25
BE23,BE32
BE23,NL34
BE24,BE31
BE24,BE32
BE24,BE33
BE25,BE32
BE25,FRE1
BE25,NL34
BE31,BE32
BE31,BE33
BE31,BE35
BE32,BE35
BE32,FRE1
BE32,FRE2
BE32,FRF2
BE33,BE34
BE33,BE35
BE33,DEA2
BE33,DEB2
BE33,LU00
BE33,NL42
BE34,BE35
BE34,FRF2
BE34,FRF3
BE34,LU00
BE35,FRF2
BG31,BG32
BG31,BG34
BG31,BG41
BG31,BG42
BG31,RO31
BG31,RO41
BG31,RS22
BG32,BG33
BG32,BG34
BG32,RO22
BG32,RO31
BG33,BG34
BG33,RO22
BG34,BG42
BG34,TR21
BG41,BG42
BG41,EL51
BG41,EL52
BG41,MK00
BG41,RS22
BG42,EL51
BG42,TR21
CZ01,CZ02
CZ02,CZ03
CZ02,CZ04
CZ02,CZ05
CZ02,CZ06
CZ03,CZ04
CZ03,CZ06
CZ03,DE22
CZ03,DE23
CZ04,CZ05
CZ04,DE23
CZ04,DE24
CZ04,DED2
CZ04,DED4
CZ05,CZ06
CZ05,CZ07
CZ05,DED2
CZ05,PL51
CZ06,CZ07
CZ06,SK02
CZ07,CZ08
CZ07,PL51
CZ07,PL52
CZ07,SK02
CZ07,SK03
CZ08,PL22
CZ08,PL52
CZ08,SK03
DE11,DE12
DE11,DE14
DE11,DE25
DE11,DE26
DE11,DE27
DE12,DE13
DE12,DE14
DE12,DE26
DE12,DE71
DE12,DEB3
DE12,FRF1
DE13,DE14
DE13,FRF1
DE14,DE27
DE21,DE22
DE21,DE23
DE21,DE25
DE21,DE27
DE22,DE23
DE23,DE24
DE23,DE25
DE24,DE25
DE24,DE26
DE24,DED4
DE24,DEG0
DE25,DE26
DE25,DE27
DE26,DE71
DE26,DE73
DE26,DEG0
DE30,DE40
DE40,DE80
DE40,DE93
DE40,DED2
DE40,DED5
DE40,DEE0
DE40,PL42
DE40,PL43
DE50,DE92
DE50,DE93
DE50,DE94
DE60,DE93
DE60,DEF0
DE71,DE72
DE71,DE73
DE71,DEB1
DE71,DEB3
DE72,DE73
DE72,DEA5
DE72,DEB1
DE73,DE91
DE73,DEA4
DE73,DEA5
DE73,DEG0
DE80,DE93
DE80,DEF0
DE80,PL42
DE91,DE92
DE91,DE93
DE91,DEA4
DE91,DEE0
DE91,DEG0
DE92,DE93
DE92,DE94
DE92,DEA4
DE93,DE94
DE93,DEE0
DE93,DEF0
DE94,DEA3
DE94,DEA4
DE94,NL11
DE94,NL13
DE94,NL21
DEA1,DEA2
DEA1,DEA3
DEA1,DEA5
DEA1,NL22
DEA1,NL42
DEA2,DEA5
DEA2,DEB1
DEA2,DEB2
DEA2,NL42
DEA3,DEA4
DEA3,DEA5
DEA3,NL21
DEA3,NL22
DEA4,DEA5
DEA5,DEB1
DEB1,DEB2
DEB1,DEB3
DEB1,DEC0
DEB2,DEC0
DEB2,LU00
DEB3,DEC0
DEB3,FRF1
DEB3,FRF3
DEC0,FRF3
DEC0,LU00
DED2,DED4
DED2,DED5
DED2,PL43
DED2,PL51
DED4,DED5
DED4,DEG0
DED5,DEE0
DED5,DEG0
DEE0,DEG0
DEF0,DK03
DK01,DK02
DK03,DK04
DK04,DK05
EE00,LV00
EL30,EL64
EL30,EL65
EL51,EL52
EL51,TR21
EL52,EL53
EL52,EL61
EL52,MK00
EL53,EL54
EL53,EL61
EL53,MK00
EL54,EL61
EL54,EL63
EL61,EL63
EL61,EL64
EL63,EL64
EL63,EL65
ES11,ES12
ES11,ES41
ES11,PT11
ES12,ES13
ES12,ES41
ES13,ES21
ES13,ES41
ES21,ES22
ES21,ES23
ES21,ES41
ES21,FRI1
ES22,ES23
ES22,ES24
ES22,FRI1
ES23,ES24
ES23,ES41
ES24,ES41
ES24,ES42
ES24,ES51
ES24,ES52
ES24,FRI1
ES24,FRJ2
ES30,ES41
ES30,ES42
ES41,ES42
ES41,ES43
ES41,PT11
ES41,PT19
ES42,ES43
ES42,ES52
ES42,ES61
ES42,ES62
ES43,ES61
ES43,PT19
ES43,PT1C
ES51,ES52
ES51,FRJ1
ES51,FRJ2
ES52,ES62
ES61,ES62
ES61,PT15
ES61,PT1C
FI19,FI1C
FI19,FI1D
FI1B,FI1C
FI1C,FI1D
FI1D,SE33
FR10,FRB0
FR10,FRC1
FR10,FRD2
FR10,FRE2
FR10,FRF2
FRB0,FRC1
FRB0,FRD1
FRB0,FRD2
FRB0,FRG0
FRB0,FRI2
FRB0,FRI3
FRB0,FRK1
FRC1,FRC2
FRC1,FRF2
FRC1,FRK1
FRC1,FRK2
FRC2,FRF1
FRC2,FRF2
FRC2,FRF3
FRC2,FRK2
FRD1,FRD2
FRD1,FRG0
FRD1,FRH0
FRD2,FRE2
FRE1,FRE2
FRE2,FRF2
FRF1,FRF3
FRF2,FRF3
FRF3,LU00
FRG0,FRH0
FRG0,FRI3
FRI1,FRI2
FRI1,FRI3
FRI1,FRJ2
FRI2,FRI3
FRI2,FRJ2
FRI2,FRK1
FRJ1,FRJ2
FRJ1,FRK1
FRJ1,FRK2
FRJ1,FRL0
FRJ2,FRK1
FRK1,FRK2
FRK2,FRL0
FRK2,ITC1
FRK2,ITC2
FRL0,ITC1
FRL0,ITC3
HR02,HR03
HR02,HR06
HR02,HU23
HR02,HU33
HR02,RS12
HR02,SI03
HR03,ME00
HR03,SI03
HR03,SI04
HR05,HR06
HR06,HU22
HR06,HU23
HR06,SI03
HU11,HU12
HU12,HU21
HU12,HU31
HU12,HU32
HU12,HU33
HU12,SK02
HU21,HU22
HU21,HU23
HU21,HU33
HU21,SK02
HU22,HU23
HU22,SI03
HU22,SK01
HU22,SK02
HU23,HU33
HU31,HU32
HU31,SK02
HU31,SK03
HU31,SK04
HU32,HU33
HU32,RO11
HU32,SK04
HU33,RO11
HU33,RO42
HU33,RS12
IE04,IE05
IE04,IE06
IE05,IE06
ITC1,ITC2
ITC1,ITC3
ITC1,ITC4
ITC1,ITH5
ITC3,ITH5
ITC3,ITI1
ITC4,ITH1
ITC4,ITH2
ITC4,ITH3
ITC4,ITH5
ITF1,ITF2
ITF1,ITI3
ITF1,ITI4
ITF2,ITF3
ITF2,ITF4
ITF2,ITI4
ITF3,ITF4
ITF3,ITF5
ITF3,ITI4
ITF4,ITF5
ITF5,ITF6
ITH1,ITH2
ITH1,ITH3
ITH2,ITH3
ITH3,ITH4
ITH3,ITH5
ITH4,SI04
ITH5,ITI1
ITH5,ITI3
ITI1,ITI2
ITI1,ITI3
ITI1,ITI4
ITI2,ITI3
ITI2,ITI4
ITI3,ITI4
LT01,LT02
LT02,LV00
LT02,PL84
ME00,RS21
MK00,RS22
NL11,NL12
NL11,NL13
NL12,NL13
NL12,NL21
NL12,NL23
NL12,NL32
NL13,NL21
NL21,NL22
NL21,NL23
NL22,NL23
NL22,NL35
NL22,NL36
NL22,NL41
NL22,NL42
NL23,NL32
NL23,NL35
NL32,NL35
NL32,NL36
NL34,NL36
NL34,NL41
NL35,NL36
NL36,NL41
NL41,NL42
PL21,PL22
PL21,PL72
PL21,PL82
PL21,SK03
PL21,SK04
PL22,PL52
PL22,PL71
PL22,PL72
PL22,SK03
PL41,PL42
PL41,PL43
PL41,PL51
PL41,PL52
PL41,PL61
PL41,PL63
PL41,PL71
PL42,PL43
PL42,PL63
PL43,PL51
PL51,PL52
PL52,PL71
PL61,PL62
PL61,PL63
PL61,PL71
PL61,PL92
PL62,PL63
PL62,PL84
PL62,PL92
PL71,PL72
PL71,PL92
PL72,PL81
PL72,PL82
PL72,PL92
PL81,PL82
PL81,PL84
PL81,PL92
PL82,SK04
PL84,PL92
PL91,PL92
PT11,PT19
PT15,PT1C
PT19,PT1C
PT19,PT1D
PT1A,PT1D
PT1B,PT1C
PT1B,PT1D
PT1C,PT1D
RO11,RO12
RO11,RO21
RO11,RO42
RO12,RO21
RO12,RO22
RO12,RO31
RO12,RO41
RO12,RO42
RO21,RO22
RO22,RO31
RO31,RO32
RO31,RO41
RO41,RO42
RO41,RS22
RO42,RS12
RO42,RS22
RS11,RS12
RS11,RS21
RS11,RS22
RS12,RS21
RS12,RS22
RS21,RS22
SE11,SE12
SE12,SE21
SE12,SE23
SE12,SE31
SE21,SE22
SE21,SE23
SE22,SE23
SE23,SE31
SE31,SE32
SE32,SE33
SI03,SI04
SK01,SK02
SK02,SK03
SK03,SK04
TR10,TR21
TR10,TR42
TR21,TR22
TR22,TR31
TR22,TR33
TR22,TR41
TR31,TR32
TR31,TR33
TR32,TR33
TR32,TR61
TR33,TR41
TR33,TR52
TR33,TR61
TR41,TR42
TR41,TR51
TR41,TR52
TR42,TR51
TR42,TR81
TR42,TR82
TR51,TR52
TR51,TR71
TR51,TR82
TR52,TR61
TR52,TR62
TR52,TR71
TR61,TR62
TR62,TR63
TR62,TR71
TR62,TR72
TR63,TR72
TR63,TRB1
TR63,TRC1
TR71,TR72
TR71,TR82
TR71,TR83
TR72,TR83
TR72,TR90
TR72,TRA1
TR72,TRB1
TR81,TR82
TR82,TR83
TR83,TR90
TR90,TRA1
TR90,TRA2
TRA1,TRA2
TRA1,TRB1
TRA1,TRB2
TRA2,TRB2
TRB1,TRB2
TRB1,TRC1
TRB1,TRC2
TRB2,TRC2
TRB2,TRC3
TRC1,TRC2
TRC2,TRC3
