STRUCTURE,STRUCTURE_ID,freq,unit,geo,TIME_PERIOD,OBS_VALUE,OBS_FLAG,CONF_STATUS
dataflow,ESTAT:NAMA_10R_2GDP(1.0),A,PPS_HAB_EU27_2020,AT,2023,121,,
dataflow,ESTAT:NAMA_10R_2GDP(1.0),A,PPS_HAB_EU27_2020,AT1,2023,118,,
dataflow,ESTAT:NAMA_10R_2GDP(1.0),A,PPS_HAB_EU27_2020,AT11,2023,87,,
dataflow,ESTAT:NAMA_10R_2GDP(1.0),A,PPS_HAB_EU27_2020,AT12,2023,100,,
dataflow,ESTAT:NAMA_10R_2GDP(1.0),A,PPS_HAB_EU27_2020,AT13,2023,139,,
dataflow,ESTAT:NAMA_10R_2GDP(1.0),A,PPS_HAB_EU27_2020,AT2,2023,113,,
dataflow,ESTAT:NAMA_10R_2GDP(1.0),A,PPS_HAB_EU27_2020,AT21,2023,115,,
dataflow,ESTAT:NAMA_10R_2GDP(1.0),A,PPS_HAB_EU27_2020,AT22,2023,111,,
dataflow,ESTAT:NAMA_10R_2GDP(1.0),A,PPS_HAB_EU27_2020,AT3,2023,129,,
dataflow,ESTAT:NAMA_10R_2GDP(1.0),A,PPS_HAB_EU27_2020,AT31,2023,123,,
dataflow,ESTAT:NAMA_10R_2GDP(1.0),A,PPS_HAB_EU27_2020,AT32,2023,147,,
dataflow,ESTAT:NAMA_10R_2GDP(1.0),A,PPS_HAB_EU27_2020,AT33,2023,128,,
dataflow,ESTAT:NAMA_10R_2GDP(1.0),A,PPS_HAB_EU27_2020,AT34,2023,126,,
dataflow,ESTAT:NAMA_10R_2GDP(1.0),A,PPS_HAB_EU27_2020,BE,2023,118,,
dataflow,ESTAT:NAMA_10R_2GDP(1.0),A,PPS_HAB_EU27_2020,BE1,2023,190,,
dataflow,ESTAT:NAMA_10R_2GDP(1.0),A,PPS_HAB_EU27_2020,BE10,2023,190,,
dataflow,ESTAT:NAMA_10R_2GDP(1.0),A,PPS_HAB_EU27_2020,BE2,2023,122,,
dataflow,ESTAT:NAMA_10R_2GDP(1.0),A,PPS_HAB_EU27_2020,BE21,2023,140,,
dataflow,ESTAT:NAMA_10R_2GDP(1.0),A,PPS_HAB_EU27_2020,BE22,2023,96,,
dataflow,ESTAT:NAMA_10R_2GDP(1.0),A,PPS_HAB_EU27_2020,BE23,2023,111,,
dataflow,ESTAT:NAMA_10R_2GDP(1.0),A,PPS_HAB_EU27_2020,BE24,2023,129,,
dataflow,ESTAT:NAMA_10R_2GDP(1.0),A,PPS_HAB_EU27_2020,BE25,2023,119,,
dataflow,ESTAT:NAMA_10R_2GDP(1.0),A,PPS_HAB_EU27_2020,BE3,2023,87,,
dataflow,ESTAT:NAMA_10R_2GDP(1.0),A,PPS_HAB_EU27_2020,BE31,2023,158,,
dataflow,ESTAT:NAMA_10R_2GDP(1.0),A,PPS_HAB_EU27_2020,BE32,2023,72,,
dataflow,ESTAT:NAMA_10R_2GDP(1.0),A,PPS_HAB_EU27_2020,BE33,2023,87,,
dataflow,ESTAT:NAMA_10R_2GDP(1.0),A,PPS_HAB_EU27_2020,BE34,2023,73,,
dataflow,ESTAT:NAMA_10R_2GDP(1.0),A,PPS_HAB_EU27_2020,BE35,2023,80,,
dataflow,ESTAT:NAMA_10R_2GDP(1.0),A,PPS_HAB_EU27_2020,BG,2023,63,,
dataflow,ESTAT:NAMA_10R_2GDP(1.0),A,PPS_HAB_EU27_2020,BG3,2023,48,,
dataflow,ESTAT:NAMA_10R_2GDP(1.0),A,PPS_HAB_EU27_2020,BG31,2023,42,,
dataflow,ESTAT:NAMA_10R_2GDP(1.0),A,PPS_HAB_EU27_2020,BG32,2023,43,,
dataflow,ESTAT:NAMA_10R_2GDP(1.0),A,PPS_HAB_EU27_2020,BG33,2023,50,,
dataflow,ESTAT:NAMA_10R_2GDP(1.0),A,PPS_HAB_EU27_2020,BG34,2023,54,,
dataflow,ESTAT:NAMA_10R_2GDP(1.0),A,PPS_HAB_EU27_2020,BG4,2023,78,,
dataflow,ESTAT:NAMA_10R_2GDP(1.0),A,PPS_HAB_EU27_2020,BG41,2023,101,,
dataflow,ESTAT:NAMA_10R_2GDP(1.0),A,PPS_HAB_EU27_2020,BG42,2023,41,,
dataflow,ESTAT:NAMA_10R_2GDP(1.0),A,PPS_HAB_EU27_2020,CY,2023,97,,
dataflow,ESTAT:NAMA_10R_2GDP(1.0),A,PPS_HAB_EU27_2020,CY0,2023,97,,
dataflow,ESTAT:NAMA_10R_2GDP(1.0),A,PPS_HAB_EU27_2020,CY00,2023,97,,
dataflow,ESTAT:NAMA_10R_2GDP(1.0),A,PPS_HAB_EU27_2020,CZ,2023,91,,
dataflow,ESTAT:NAMA_10R_2GDP(1.0),A,PPS_HAB_EU27_2020,CZ0,2023,91,,
dataflow,ESTAT:NAMA_10R_2GDP(1.0),A,PPS_HAB_EU27_2020,CZ01,2023,197,,
dataflow,ESTAT:NAMA_10R_2GDP(1.0),A,PPS_HAB_EU27_2020,CZ02,2023,82,,
dataflow,ESTAT:NAMA_10R_2GDP(1.0),A,PPS_HAB_EU27_2020,CZ03,2023,77,,
dataflow,ESTAT:NAMA_10R_2GDP(1.0),A,PPS_HAB_EU27_2020,CZ04,2023,62,,
dataflow,ESTAT:NAMA_10R_2GDP(1.0),A,PPS_HAB_EU27_2020,CZ05,2023,74,,
dataflow,ESTAT:NAMA_10R_2GDP(1.0),A,PPS_HAB_EU27_2020,CZ06,2023,85,,
dataflow,ESTAT:NAMA_10R_2GDP(1.0),A,PPS_HAB_EU27_2020,CZ07,2023,74,,
dataflow,ESTAT:NAMA_10R_2GDP(1.0),A,PPS_HAB_EU27_2020,CZ08,2023,70,,
dataflow,ESTAT:NAMA_10R_2GDP(1.0),A,PPS_HAB_EU27_2020,DE,2023,118,p,
dataflow,ESTAT:NAMA_10R_2GDP(1.0),A,PPS_HAB_EU27_2020,DE1,2023,133,p,
dataflow,ESTAT:NAMA_10R_2GDP(1.0),A,PPS_HAB_EU27_2020,DE11,2023,156,p,
dataflow,ESTAT:NAMA_10R_2GDP(1.0),A,PPS_HAB_EU27_2020,DE12,2023,126,p,
dataflow,ESTAT:NAMA_10R_2GDP(1.0),A,PPS_HAB_EU27_2020,DE13,2023,107,p,
dataflow,ESTAT:NAMA_10R_2GDP(1.0),A,PPS_HAB_EU27_2020,DE14,2023,124,p,
dataflow,ESTAT:NAMA_10R_2GDP(1.0),A,PPS_HAB_EU27_2020,DE2,2023,138,p,
dataflow,ESTAT:NAMA_10R_2GDP(1.0),A,PPS_HAB_EU27_2020,DE21,2023,174,p,
dataflow,ESTAT:NAMA_10R_2GDP(1.0),A,PPS_HAB_EU27_2020,DE22,2023,116,p,
dataflow,ESTAT:NAMA_10R_2GDP(1.0),A,PPS_HAB_EU27_2020,DE23,2023,126,p,
dataflow,ESTAT:NAMA_10R_2GDP(1.0),A,PPS_HAB_EU27_2020,DE24,2023,111,p,
dataflow,ESTAT:NAMA_10R_2GDP(1.0),A,PPS_HAB_EU27_2020,DE25,2023,129,p,
dataflow,ESTAT:NAMA_10R_2GDP(1.0),A,PPS_HAB_EU27_2020,DE26,2023,118,p,
dataflow,ESTAT:NAMA_10R_2GDP(1.0),A,PPS_HAB_EU27_2020,DE27,2023,112,p,
dataflow,ESTAT:NAMA_10R_2GDP(1.0),A,PPS_HAB_EU27_2020,DE3,2023,127,p,
dataflow,ESTAT:NAMA_10R_2GDP(1.0),A,PPS_HAB_EU27_2020,DE30,2023,127,p,
dataflow,ESTAT:NAMA_10R_2GDP(1.0),A,PPS_HAB_EU27_2020,DE4,2023,87,p,
dataflow,ESTAT:NAMA_10R_2GDP(1.0),A,PPS_HAB_EU27_2020,DE40,2023,87,p,
dataflow,ESTAT:NAMA_10R_2GDP(1.0),A,PPS_HAB_EU27_2020,DE5,2023,135,p,
dataflow,ESTAT:NAMA_10R_2GDP(1.0),A,PPS_HAB_EU27_2020,DE50,2023,135,p,
dataflow,ESTAT:NAMA_10R_2GDP(1.0),A,PPS_HAB_EU27_2020,DE6,2023,195,p,
dataflow,ESTAT:NAMA_10R_2GDP(1.0),A,PPS_HAB_EU27_2020,DE60,2023,195,p,
dataflow,ESTAT:NAMA_10R_2GDP(1.0),A,PPS_HAB_EU27_2020,DE7,2023,133,p,
dataflow,ESTAT:NAMA_10R_2GDP(1.0),A,PPS_HAB_EU27_2020,DE71,2023,149,p,
dataflow,ESTAT:NAMA_10R_2GDP(1.0),A,PPS_HAB_EU27_2020,DE72,2023,101,p,
dataflow,ESTAT:NAMA_10R_2GDP(1.0),A,PPS_HAB_EU27_2020,DE73,2023,109,p,
dataflow,ESTAT:NAMA_10R_2GDP(1.0),A,PPS_HAB_EU27_2020,DE8,2023,87,p,
dataflow,ESTAT:NAMA_10R_2GDP(1.0),A,PPS_HAB_EU27_2020,DE80,2023,87,p,
dataflow,ESTAT:NAMA_10R_2GDP(1.0),A,PPS_HAB_EU27_2020,DE9,2023,108,p,
dataflow,ESTAT:NAMA_10R_2GDP(1.0),A,PPS_HAB_EU27_2020,DE91,2023,130,p,
dataflow,ESTAT:NAMA_10R_2GDP(1.0),A,PPS_HAB_EU27_2020,DE92,2023,112,p,
dataflow,ESTAT:NAMA_10R_2GDP(1.0),A,PPS_HAB_EU27_2020,DE93,2023,85,p,
dataflow,ESTAT:NAMA_10R_2GDP(1.0),A,PPS_HAB_EU27_2020,DE94,2023,106,p,
dataflow,ESTAT:NAMA_10R_2GDP(1.0),A,PPS_HAB_EU27_2020,DEA,2023,110,p,
dataflow,ESTAT:NAMA_10R_2GDP(1.0),A,PPS_HAB_EU27_2020,DEA1,2023,118,p,
dataflow,ESTAT:NAMA_10R_2GDP(1.0),A,PPS_HAB_EU27_2020,DEA2,2023,120,p,
dataflow,ESTAT:NAMA_10R_2GDP(1.0),A,PPS_HAB_EU27_2020,DEA3,2023,97,p,
dataflow,ESTAT:NAMA_10R_2GDP(1.0),A,PPS_HAB_EU27_2020,DEA4,2023,108,p,
dataflow,ESTAT:NAMA_10R_2GDP(1.0),A,PPS_HAB_EU27_2020,DEA5,2023,100,p,
dataflow,ESTAT:NAMA_10R_2GDP(1.0),A,PPS_HAB_EU27_2020,DEB,2023,103,p,
dataflow,ESTAT:NAMA_10R_2GDP(1.0),A,PPS_HAB_EU27_2020,DEB1,2023,97,p,
dataflow,ESTAT:NAMA_10R_2GDP(1.0),A,PPS_HAB_EU27_2020,DEB2,2023,90,p,
dataflow,ESTAT:NAMA_10R_2GDP(1.0),A,PPS_HAB_EU27_2020,DEB3,2023,110,p,
dataflow,ESTAT:NAMA_10R_2GDP(1.0),A,PPS_HAB_EU27_2020,DEC,2023,97,p,
dataflow,ESTAT:NAMA_10R_2GDP(1.0),A,PPS_HAB_EU27_2020,DEC0,2023,97,p,
dataflow,ESTAT:NAMA_10R_2GDP(1.0),A,PPS_HAB_EU27_2020,DED,2023,91,p,
dataflow,ESTAT:NAMA_10R_2GDP(1.0),A,PPS_HAB_EU27_2020,DED2,2023,93,p,
dataflow,ESTAT:NAMA_10R_2GDP(1.0),A,PPS_HAB_EU27_2020,DED4,2023,82,p,
dataflow,ESTAT:NAMA_10R_2GDP(1.0),A,PPS_HAB_EU27_2020,DED5,2023,98,p,
dataflow,ESTAT:NAMA_10R_2GDP(1.0),A,PPS_HAB_EU27_2020,DEE,2023,85,p,
dataflow,ESTAT:NAMA_10R_2GDP(1.0),A,PPS_HAB_EU27_2020,DEE0,2023,85,p,
dataflow,ESTAT:NAMA_10R_2GDP(1.0),A,PPS_HAB_EU27_2020,DEF,2023,96,p,
dataflow,ESTAT:NAMA_10R_2GDP(1.0),A,PPS_HAB_EU27_2020,DEF0,2023,96,p,
dataflow,ESTAT:NAMA_10R_2GDP(1.0),A,PPS_HAB_EU27_2020,DEG,2023,84,p,
dataflow,ESTAT:NAMA_10R_2GDP(1.0),A,PPS_HAB_EU27_2020,DEG0,2023,84,p,
dataflow,ESTAT:NAMA_10R_2GDP(1.0),A,PPS_HAB_EU27_2020,DK,2023,126,,
dataflow,ESTAT:NAMA_10R_2GDP(1.0),A,PPS_HAB_EU27_2020,DK0,2023,125,,
dataflow,ESTAT:NAMA_10R_2GDP(1.0),A,PPS_HAB_EU27_2020,DK01,2023,170,,
dataflow,ESTAT:NAMA_10R_2GDP(1.0),A,PPS_HAB_EU27_2020,DK02,2023,89,,
dataflow,ESTAT:NAMA_10R_2GDP(1.0),A,PPS_HAB_EU27_2020,DK03,2023,109,,
dataflow,ESTAT:NAMA_10R_2GDP(1.0),A,PPS_HAB_EU27_2020,DK04,2023,109,,
dataflow,ESTAT:NAMA_10R_2GDP(1.0),A,PPS_HAB_EU27_2020,DK05,2023,100,,
dataflow,ESTAT:NAMA_10R_2GDP(1.0),A,PPS_HAB_EU27_2020,EE,2023,80,,
dataflow,ESTAT:NAMA_10R_2GDP(1.0),A,PPS_HAB_EU27_2020,EE0,2023,80,,
dataflow,ESTAT:NAMA_10R_2GDP(1.0),A,PPS_HAB_EU27_2020,EE00,2023,80,,
dataflow,ESTAT:NAMA_10R_2GDP(1.0),A,PPS_HAB_EU27_2020,EL,2023,68,p,
dataflow,ESTAT:NAMA_10R_2GDP(1.0),A,PPS_HAB_EU27_2020,EL3,2023,96,p,
dataflow,ESTAT:NAMA_10R_2GDP(1.0),A,PPS_HAB_EU27_2020,EL30,2023,96,p,
dataflow,ESTAT:NAMA_10R_2GDP(1.0),A,PPS_HAB_EU27_2020,EL4,2023,59,p,
dataflow,ESTAT:NAMA_10R_2GDP(1.0),A,PPS_HAB_EU27_2020,EL41,2023,42,p,
dataflow,ESTAT:NAMA_10R_2GDP(1.0),A,PPS_HAB_EU27_2020,EL42,2023,69,p,
dataflow,ESTAT:NAMA_10R_2GDP(1.0),A,PPS_HAB_EU27_2020,EL43,2023,59,p,
dataflow,ESTAT:NAMA_10R_2GDP(1.0),A,PPS_HAB_EU27_2020,EL5,2023,51,p,
dataflow,ESTAT:NAMA_10R_2GDP(1.0),A,PPS_HAB_EU27_2020,EL51,2023,44,p,
dataflow,ESTAT:NAMA_10R_2GDP(1.0),A,PPS_HAB_EU27_2020,EL52,2023,55,p,
dataflow,ESTAT:NAMA_10R_2GDP(1.0),A,PPS_HAB_EU27_2020,EL53,2023,50,p,
dataflow,ESTAT:NAMA_10R_2GDP(1.0),A,PPS_HAB_EU27_2020,EL54,2023,44,p,
dataflow,ESTAT:NAMA_10R_2GDP(1.0),A,PPS_HAB_EU27_2020,EL6,2023,55,p,
dataflow,ESTAT:NAMA_10R_2GDP(1.0),A,PPS_HAB_EU27_2020,EL61,2023,52,p,
dataflow,ESTAT:NAMA_10R_2GDP(1.0),A,PPS_HAB_EU27_2020,EL62,2023,63,p,
dataflow,ESTAT:NAMA_10R_2GDP(1.0),A,PPS_HAB_EU27_2020,EL63,2023,49,p,
dataflow,ESTAT:NAMA_10R_2GDP(1.0),A,PPS_HAB_EU27_2020,EL64,2023,59,p,
dataflow,ESTAT:NAMA_10R_2GDP(1.0),A,PPS_HAB_EU27_2020,EL65,2023,57,p,
dataflow,ESTAT:NAMA_10R_2GDP(1.0),A,PPS_HAB_EU27_2020,ES,2023,91,p,
dataflow,ESTAT:NAMA_10R_2GDP(1.0),A,PPS_HAB_EU27_2020,ES1,2023,83,p,
dataflow,ESTAT:NAMA_10R_2GDP(1.0),A,PPS_HAB_EU27_2020,ES11,2023,84,p,
dataflow,ESTAT:NAMA_10R_2GDP(1.0),A,PPS_HAB_EU27_2020,ES12,2023,82,p,
dataflow,ESTAT:NAMA_10R_2GDP(1.0),A,PPS_HAB_EU27_2020,ES13,2023,83,p,
dataflow,ESTAT:NAMA_10R_2GDP(1.0),A,PPS_HAB_EU27_2020,ES2,2023,108,p,
dataflow,ESTAT:NAMA_10R_2GDP(1.0),A,PPS_HAB_EU27_2020,ES21,2023,114,p,
dataflow,ESTAT:NAMA_10R_2GDP(1.0),A,PPS_HAB_EU27_2020,ES22,2023,108,p,
dataflow,ESTAT:NAMA_10R_2GDP(1.0),A,PPS_HAB_EU27_2020,ES23,2023,95,p,
dataflow,ESTAT:NAMA_10R_2GDP(1.0),A,PPS_HAB_EU27_2020,ES24,2023,102,p,
dataflow,ESTAT:NAMA_10R_2GDP(1.0),A,PPS_HAB_EU27_2020,ES3,2023,125,p,
dataflow,ESTAT:NAMA_10R_2GDP(1.0),A,PPS_HAB_EU27_2020,ES30,2023,125,p,
dataflow,ESTAT:NAMA_10R_2GDP(1.0),A,PPS_HAB_EU27_2020,ES4,2023,78,p,
dataflow,ESTAT:NAMA_10R_2GDP(1.0),A,PPS_HAB_EU27_2020,ES41,2023,86,p,
dataflow,ESTAT:NAMA_10R_2GDP(1.0),A,PPS_HAB_EU27_2020,ES42,2023,73,p,
dataflow,ESTAT:NAMA_10R_2GDP(1.0),A,PPS_HAB_EU27_2020,ES43,2023,70,p,
dataflow,ESTAT:NAMA_10R_2GDP(1.0),A,PPS_HAB_EU27_2020,ES5,2023,94,p,
dataflow,ESTAT:NAMA_10R_2GDP(1.0),A,PPS_HAB_EU27_2020,ES51,2023,104,p,
dataflow,ESTAT:NAMA_10R_2GDP(1.0),A,PPS_HAB_EU27_2020,ES52,2023,78,p,
dataflow,ESTAT:NAMA_10R_2GDP(1.0),A,PPS_HAB_EU27_2020,ES53,2023,99,p,
dataflow,ESTAT:NAMA_10R_2GDP(1.0),A,PPS_HAB_EU27_2020,ES6,2023,69,p,
dataflow,ESTAT:NAMA_10R_2GDP(1.0),A,PPS_HAB_EU27_2020,ES61,2023,68,p,
dataflow,ESTAT:NAMA_10R_2GDP(1.0),A,PPS_HAB_EU27_2020,ES62,2023,75,p,
dataflow,ESTAT:NAMA_10R_2GDP(1.0),A,PPS_HAB_EU27_2020,ES63,2023,66,p,
dataflow,ESTAT:NAMA_10R_2GDP(1.0),A,PPS_HAB_EU27_2020,ES64,2023,60,p,
dataflow,ESTAT:NAMA_10R_2GDP(1.0),A,PPS_HAB_EU27_2020,ES7,2023,71,p,
dataflow,ESTAT:NAMA_10R_2GDP(1.0),A,PPS_HAB_EU27_2020,ES70,2023,71,p,
dataflow,ESTAT:NAMA_10R_2GDP(1.0),A,PPS_HAB_EU27_2020,EU27_2020,2023,100,,
dataflow,ESTAT:NAMA_10R_2GDP(1.0),A,PPS_HAB_EU27_2020,FI,2023,103,,
dataflow,ESTAT:NAMA_10R_2GDP(1.0),A,PPS_HAB_EU27_2020,FI1,2023,103,,
dataflow,ESTAT:NAMA_10R_2GDP(1.0),A,PPS_HAB_EU27_2020,FI19,2023,94,,
dataflow,ESTAT:NAMA_10R_2GDP(1.0),A,PPS_HAB_EU27_2020,FI1B,2023,131,,
dataflow,ESTAT:NAMA_10R_2GDP(1.0),A,PPS_HAB_EU27_2020,FI1C,2023,89,,
dataflow,ESTAT:NAMA_10R_2GDP(1.0),A,PPS_HAB_EU27_2020,FI1D,2023,88,,
dataflow,ESTAT:NAMA_10R_2GDP(1.0),A,PPS_HAB_EU27_2020,FI2,2023,114,,
dataflow,ESTAT:NAMA_10R_2GDP(1.0),A,PPS_HAB_EU27_2020,FI20,2023,114,,
dataflow,ESTAT:NAMA_10R_2GDP(1.0),A,PPS_HAB_EU27_2020,FR,2023,99,p,
dataflow,ESTAT:NAMA_10R_2GDP(1.0),A,PPS_HAB_EU27_2020,FR1,2023,160,p,
dataflow,ESTAT:NAMA_10R_2GDP(1.0),A,PPS_HAB_EU27_2020,FR10,2023,160,p,
dataflow,ESTAT:NAMA_10R_2GDP(1.0),A,PPS_HAB_EU27_2020,FRB,2023,83,p,
dataflow,ESTAT:NAMA_10R_2GDP(1.0),A,PPS_HAB_EU27_2020,FRB0,2023,83,p,
dataflow,ESTAT:NAMA_10R_2GDP(1.0),A,PPS_HAB_EU27_2020,FRC,2023,80,p,
dataflow,ESTAT:NAMA_10R_2GDP(1.0),A,PPS_HAB_EU27_2020,FRC1,2023,83,p,
dataflow,ESTAT:NAMA_10R_2GDP(1.0),A,PPS_HAB_EU27_2020,FRC2,2023,75,p,
dataflow,ESTAT:NAMA_10R_2GDP(1.0),A,PPS_HAB_EU27_2020,FRD,2023,83,p,
dataflow,ESTAT:NAMA_10R_2GDP(1.0),A,PPS_HAB_EU27_2020,FRD1,2023,81,p,
dataflow,ESTAT:NAMA_10R_2GDP(1.0),A,PPS_HAB_EU27_2020,FRD2,2023,84,p,
dataflow,ESTAT:NAMA_10R_2GDP(1.0),A,PPS_HAB_EU27_2020,FRE,2023,77,p,
dataflow,ESTAT:NAMA_10R_2GDP(1.0),A,PPS_HAB_EU27_2020,FRE1,2023,78,p,
dataflow,ESTAT:NAMA_10R_2GDP(1.0),A,PPS_HAB_EU27_2020,FRE2,2023,74,p,
dataflow,ESTAT:NAMA_10R_2GDP(1.0),A,PPS_HAB_EU27_2020,FRF,2023,83,p,
dataflow,ESTAT:NAMA_10R_2GDP(1.0),A,PPS_HAB_EU27_2020,FRF1,2023,91,p,
dataflow,ESTAT:NAMA_10R_2GDP(1.0),A,PPS_HAB_EU27_2020,FRF2,2023,89,p,
dataflow,ESTAT:NAMA_10R_2GDP(1.0),A,PPS_HAB_EU27_2020,FRF3,2023,73,p,
dataflow,ESTAT:NAMA_10R_2GDP(1.0),A,PPS_HAB_EU27_2020,FRG,2023,88,p,
dataflow,ESTAT:NAMA_10R_2GDP(1.0),A,PPS_HAB_EU27_2020,FRG0,2023,88,p,
dataflow,ESTAT:NAMA_10R_2GDP(1.0),A,PPS_HAB_EU27_2020,FRH,2023,85,p,
dataflow,ESTAT:NAMA_10R_2GDP(1.0),A,PPS_HAB_EU27_2020,FRH0,2023,85,p,
dataflow,ESTAT:NAMA_10R_2GDP(1.0),A,PPS_HAB_EU27_2020,FRI,2023,85,p,
dataflow,ESTAT:NAMA_10R_2GDP(1.0),A,PPS_HAB_EU27_2020,FRI1,2023,88,p,
dataflow,ESTAT:NAMA_10R_2GDP(1.0),A,PPS_HAB_EU27_2020,FRI2,2023,76,p,
dataflow,ESTAT:NAMA_10R_2GDP(1.0),A,PPS_HAB_EU27_2020,FRI3,2023,83,p,
dataflow,ESTAT:NAMA_10R_2GDP(1.0),A,PPS_HAB_EU27_2020,FRJ,2023,84,p,
dataflow,ESTAT:NAMA_10R_2GDP(1.0),A,PPS_HAB_EU27_2020,FRJ1,2023,78,p,
dataflow,ESTAT:NAMA_10R_2GDP(1.0),A,PPS_HAB_EU27_2020,FRJ2,2023,90,p,
dataflow,ESTAT:NAMA_10R_2GDP(1.0),A,PPS_HAB_EU27_2020,FRK,2023,98,p,
dataflow,ESTAT:NAMA_10R_2GDP(1.0),A,PPS_HAB_EU27_2020,FRK1,2023,81,p,
dataflow,ESTAT:NAMA_10R_2GDP(1.0),A,PPS_HAB_EU27_2020,FRK2,2023,102,p,
dataflow,ESTAT:NAMA_10R_2GDP(1.0),A,PPS_HAB_EU27_2020,FRL,2023,97,p,
dataflow,ESTAT:NAMA_10R_2GDP(1.0),A,PPS_HAB_EU27_2020,FRL0,2023,97,p,
dataflow,ESTAT:NAMA_10R_2GDP(1.0),A,PPS_HAB_EU27_2020,FRM,2023,86,p,
dataflow,ESTAT:NAMA_10R_2GDP(1.0),A,PPS_HAB_EU27_2020,FRM0,2023,86,p,
dataflow,ESTAT:NAMA_10R_2GDP(1.0),A,PPS_HAB_EU27_2020,FRY,2023,58,p,
dataflow,ESTAT:NAMA_10R_2GDP(1.0),A,PPS_HAB_EU27_2020,FRY1,2023,66,p,
dataflow,ESTAT:NAMA_10R_2GDP(1.0),A,PPS_HAB_EU27_2020,FRY2,2023,68,p,
dataflow,ESTAT:NAMA_10R_2GDP(1.0),A,PPS_HAB_EU27_2020,FRY3,2023,42,p,
dataflow,ESTAT:NAMA_10R_2GDP(1.0),A,PPS_HAB_EU27_2020,FRY4,2023,64,p,
dataflow,ESTAT:NAMA_10R_2GDP(1.0),A,PPS_HAB_EU27_2020,FRY5,2023,29,p,
dataflow,ESTAT:NAMA_10R_2GDP(1.0),A,PPS_HAB_EU27_2020,HR,2023,78,,
dataflow,ESTAT:NAMA_10R_2GDP(1.0),A,PPS_HAB_EU27_2020,HR0,2023,78,,
dataflow,ESTAT:NAMA_10R_2GDP(1.0),A,PPS_HAB_EU27_2020,HR02,2023,53,,
dataflow,ESTAT:NAMA_10R_2GDP(1.0),A,PPS_HAB_EU27_2020,HR03,2023,73,,
dataflow,ESTAT:NAMA_10R_2GDP(1.0),A,PPS_HAB_EU27_2020,HR05,2023,131,,
dataflow,ESTAT:NAMA_10R_2GDP(1.0),A,PPS_HAB_EU27_2020,HR06,2023,66,,
dataflow,ESTAT:NAMA_10R_2GDP(1.0),A,PPS_HAB_EU27_2020,HU,2023,76,,
dataflow,ESTAT:NAMA_10R_2GDP(1.0),A,PPS_HAB_EU27_2020,HU1,2023,120,,
dataflow,ESTAT:NAMA_10R_2GDP(1.0),A,PPS_HAB_EU27_2020,HU11,2023,164,,
dataflow,ESTAT:NAMA_10R_2GDP(1.0),A,PPS_HAB_EU27_2020,HU12,2023,65,,
dataflow,ESTAT:NAMA_10R_2GDP(1.0),A,PPS_HAB_EU27_2020,HU2,2023,61,,
dataflow,ESTAT:NAMA_10R_2GDP(1.0),A,PPS_HAB_EU27_2020,HU21,2023,66,,
dataflow,ESTAT:NAMA_10R_2GDP(1.0),A,PPS_HAB_EU27_2020,HU22,2023,67,,
dataflow,ESTAT:NAMA_10R_2GDP(1.0),A,PPS_HAB_EU27_2020,HU23,2023,50,,
dataflow,ESTAT:NAMA_10R_2GDP(1.0),A,PPS_HAB_EU27_2020,HU3,2023,50,,
dataflow,ESTAT:NAMA_10R_2GDP(1.0),A,PPS_HAB_EU27_2020,HU31,2023,48,,
dataflow,ESTAT:NAMA_10R_2GDP(1.0),A,PPS_HAB_EU27_2020,HU32,2023,49,,
dataflow,ESTAT:NAMA_10R_2GDP(1.0),A,PPS_HAB_EU27_2020,HU33,2023,54,,
dataflow,ESTAT:NAMA_10R_2GDP(1.0),A,PPS_HAB_EU27_2020,IE,2023,218,,
dataflow,ESTAT:NAMA_10R_2GDP(1.0),A,PPS_HAB_EU27_2020,IE0,2023,218,,
dataflow,ESTAT:NAMA_10R_2GDP(1.0),A,PPS_HAB_EU27_2020,IE04,2023,104,,
dataflow,ESTAT:NAMA_10R_2GDP(1.0),A,PPS_HAB_EU27_2020,IE05,2023,229,,
dataflow,ESTAT:NAMA_10R_2GDP(1.0),A,PPS_HAB_EU27_2020,IE06,2023,251,,
dataflow,ESTAT:NAMA_10R_2GDP(1.0),A,PPS_HAB_EU27_2020,IT,2023,98,,
dataflow,ESTAT:NAMA_10R_2GDP(1.0),A,PPS_HAB_EU27_2020,ITC,2023,122,,
dataflow,ESTAT:NAMA_10R_2GDP(1.0),A,PPS_HAB_EU27_2020,ITC1,2023,101,,
dataflow,ESTAT:NAMA_10R_2GDP(1.0),A,PPS_HAB_EU27_2020,ITC2,2023,128,,
dataflow,ESTAT:NAMA_10R_2GDP(1.0),A,PPS_HAB_EU27_2020,ITC3,2023,105,,
dataflow,ESTAT:NAMA_10R_2GDP(1.0),A,PPS_HAB_EU27_2020,ITC4,2023,133,,
dataflow,ESTAT:NAMA_10R_2GDP(1.0),A,PPS_HAB_EU27_2020,ITF,2023,66,,
dataflow,ESTAT:NAMA_10R_2GDP(1.0),A,PPS_HAB_EU27_2020,ITF1,2023,84,,
dataflow,ESTAT:NAMA_10R_2GDP(1.0),A,PPS_HAB_EU27_2020,ITF2,2023,73,,
dataflow,ESTAT:NAMA_10R_2GDP(1.0),A,PPS_HAB_EU27_2020,ITF3,2023,64,,
dataflow,ESTAT:NAMA_10R_2GDP(1.0),A,PPS_HAB_EU27_2020,ITF4,2023,64,,
dataflow,ESTAT:NAMA_10R_2GDP(1.0),A,PPS_HAB_EU27_2020,ITF5,2023,75,,
dataflow,ESTAT:NAMA_10R_2GDP(1.0),A,PPS_HAB_EU27_2020,ITF6,2023,57,,
dataflow,ESTAT:NAMA_10R_2GDP(1.0),A,PPS_HAB_EU27_2020,ITG,2023,63,,
dataflow,ESTAT:NAMA_10R_2GDP(1.0),A,PPS_HAB_EU27_2020,ITG1,2023,60,,
dataflow,ESTAT:NAMA_10R_2GDP(1.0),A,PPS_HAB_EU27_2020,ITG2,2023,72,,
dataflow,ESTAT:NAMA_10R_2GDP(1.0),A,PPS_HAB_EU27_2020,ITH,2023,116,,
dataflow,ESTAT:NAMA_10R_2GDP(1.0),A,PPS_HAB_EU27_2020,ITH1,2023,166,,
dataflow,ESTAT:NAMA_10R_2GDP(1.0),A,PPS_HAB_EU27_2020,ITH2,2023,127,,
dataflow,ESTAT:NAMA_10R_2GDP(1.0),A,PPS_HAB_EU27_2020,ITH3,2023,110,,
dataflow,ESTAT:NAMA_10R_2GDP(1.0),A,PPS_HAB_EU27_2020,ITH4,2023,102,,
dataflow,ESTAT:NAMA_10R_2GDP(1.0),A,PPS_HAB_EU27_2020,ITH5,2023,118,,
dataflow,ESTAT:NAMA_10R_2GDP(1.0),A,PPS_HAB_EU27_2020,ITI,2023,106,,
dataflow,ESTAT:NAMA_10R_2GDP(1.0),A,PPS_HAB_EU27_2020,ITI1,2023,103,,
dataflow,ESTAT:NAMA_10R_2GDP(1.0),A,PPS_HAB_EU27_2020,ITI2,2023,85,,
dataflow,ESTAT:NAMA_10R_2GDP(1.0),A,PPS_HAB_EU27_2020,ITI3,2023,90,,
dataflow,ESTAT:NAMA_10R_2GDP(1.0),A,PPS_HAB_EU27_2020,ITI4,2023,114,,
dataflow,ESTAT:NAMA_10R_2GDP(1.0),A,PPS_HAB_EU27_2020,LT,2023,86,,
dataflow,ESTAT:NAMA_10R_2GDP(1.0),A,PPS_HAB_EU27_2020,LT0,2023,86,,
dataflow,ESTAT:NAMA_10R_2GDP(1.0),A,PPS_HAB_EU27_2020,LT01,2023,131,,
dataflow,ESTAT:NAMA_10R_2GDP(1.0),A,PPS_HAB_EU27_2020,LT02,2023,67,,
dataflow,ESTAT:NAMA_10R_2GDP(1.0),A,PPS_HAB_EU27_2020,LU,2023,248,,
dataflow,ESTAT:NAMA_10R_2GDP(1.0),A,PPS_HAB_EU27_2020,LU0,2023,248,,
dataflow,ESTAT:NAMA_10R_2GDP(1.0),A,PPS_HAB_EU27_2020,LU00,2023,248,,
dataflow,ESTAT:NAMA_10R_2GDP(1.0),A,PPS_HAB_EU27_2020,LV,2023,70,,
dataflow,ESTAT:NAMA_10R_2GDP(1.0),A,PPS_HAB_EU27_2020,LV0,2023,70,,
dataflow,ESTAT:NAMA_10R_2GDP(1.0),A,PPS_HAB_EU27_2020,LV00,2023,70,,
dataflow,ESTAT:NAMA_10R_2GDP(1.0),A,PPS_HAB_EU27_2020,ME,2023,52,,
dataflow,ESTAT:NAMA_10R_2GDP(1.0),A,PPS_HAB_EU27_2020,ME0,2023,52,,
dataflow,ESTAT:NAMA_10R_2GDP(1.0),A,PPS_HAB_EU27_2020,ME00,2023,52,,
dataflow,ESTAT:NAMA_10R_2GDP(1.0),A,PPS_HAB_EU27_2020,MK,2023,41,e,
dataflow,ESTAT:NAMA_10R_2GDP(1.0),A,PPS_HAB_EU27_2020,MK0,2023,41,e,
dataflow,ESTAT:NAMA_10R_2GDP(1.0),A,PPS_HAB_EU27_2020,MK00,2023,41,e,
dataflow,ESTAT:NAMA_10R_2GDP(1.0),A,PPS_HAB_EU27_2020,MT,2023,109,,
dataflow,ESTAT:NAMA_10R_2GDP(1.0),A,PPS_HAB_EU27_2020,MT0,2023,109,,
dataflow,ESTAT:NAMA_10R_2GDP(1.0),A,PPS_HAB_EU27_2020,MT00,2023,109,,
dataflow,ESTAT:NAMA_10R_2GDP(1.0),A,PPS_HAB_EU27_2020,NL,2023,131,,
dataflow,ESTAT:NAMA_10R_2GDP(1.0),A,PPS_HAB_EU27_2020,NL1,2023,103,,
dataflow,ESTAT:NAMA_10R_2GDP(1.0),A,PPS_HAB_EU27_2020,NL11,2023,120,,
dataflow,ESTAT:NAMA_10R_2GDP(1.0),A,PPS_HAB_EU27_2020,NL12,2023,96,,
dataflow,ESTAT:NAMA_10R_2GDP(1.0),A,PPS_HAB_EU27_2020,NL13,2023,93,,
dataflow,ESTAT:NAMA_10R_2GDP(1.0),A,PPS_HAB_EU27_2020,NL2,2023,110,,
dataflow,ESTAT:NAMA_10R_2GDP(1.0),A,PPS_HAB_EU27_2020,NL21,2023,112,,
dataflow,ESTAT:NAMA_10R_2GDP(1.0),A,PPS_HAB_EU27_2020,NL22,2023,110,,
dataflow,ESTAT:NAMA_10R_2GDP(1.0),A,PPS_HAB_EU27_2020,NL23,2023,103,,
dataflow,ESTAT:NAMA_10R_2GDP(1.0),A,PPS_HAB_EU27_2020,NL3,2023,146,,
dataflow,ESTAT:NAMA_10R_2GDP(1.0),A,PPS_HAB_EU27_2020,NL32,2023,172,,
dataflow,ESTAT:NAMA_10R_2GDP(1.0),A,PPS_HAB_EU27_2020,NL34,2023,112,,
dataflow,ESTAT:NAMA_10R_2GDP(1.0),A,PPS_HAB_EU27_2020,NL35,2023,157,,
dataflow,ESTAT:NAMA_10R_2GDP(1.0),A,PPS_HAB_EU27_2020,NL36,2023,126,,
dataflow,ESTAT:NAMA_10R_2GDP(1.0),A,PPS_HAB_EU27_2020,NL4,2023,127,,
dataflow,ESTAT:NAMA_10R_2GDP(1.0),A,PPS_HAB_EU27_2020,NL41,2023,135,,
dataflow,ESTAT:NAMA_10R_2GDP(1.0),A,PPS_HAB_EU27_2020,NL42,2023,109,,
dataflow,ESTAT:NAMA_10R_2GDP(1.0),A,PPS_HAB_EU27_2020,PL,2023,77,,
dataflow,ESTAT:NAMA_10R_2GDP(1.0),A,PPS_HAB_EU27_2020,PL2,2023,75,,
dataflow,ESTAT:NAMA_10R_2GDP(1.0),A,PPS_HAB_EU27_2020,PL21,2023,69,,
dataflow,ESTAT:NAMA_10R_2GDP(1.0),A,PPS_HAB_EU27_2020,PL22,2023,79,,
dataflow,ESTAT:NAMA_10R_2GDP(1.0),A,PPS_HAB_EU27_2020,PL4,2023,73,,
dataflow,ESTAT:NAMA_10R_2GDP(1.0),A,PPS_HAB_EU27_2020,PL41,2023,81,,
dataflow,ESTAT:NAMA_10R_2GDP(1.0),A,PPS_HAB_EU27_2020,PL42,2023,63,,
dataflow,ESTAT:NAMA_10R_2GDP(1.0),A,PPS_HAB_EU27_2020,PL43,2023,61,,
dataflow,ESTAT:NAMA_10R_2GDP(1.0),A,PPS_HAB_EU27_2020,PL5,2023,77,,
dataflow,ESTAT:NAMA_10R_2GDP(1.0),A,PPS_HAB_EU27_2020,PL51,2023,82,,
dataflow,ESTAT:NAMA_10R_2GDP(1.0),A,PPS_HAB_EU27_2020,PL52,2023,62,,
dataflow,ESTAT:NAMA_10R_2GDP(1.0),A,PPS_HAB_EU27_2020,PL6,2023,65,,
dataflow,ESTAT:NAMA_10R_2GDP(1.0),A,PPS_HAB_EU27_2020,PL61,2023,62,,
dataflow,ESTAT:NAMA_10R_2GDP(1.0),A,PPS_HAB_EU27_2020,PL62,2023,54,,
dataflow,ESTAT:NAMA_10R_2GDP(1.0),A,PPS_HAB_EU27_2020,PL63,2023,73,,
dataflow,ESTAT:NAMA_10R_2GDP(1.0),A,PPS_HAB_EU27_2020,PL7,2023,68,,
dataflow,ESTAT:NAMA_10R_2GDP(1.0),A,PPS_HAB_EU27_2020,PL71,2023,73,,
dataflow,ESTAT:NAMA_10R_2GDP(1.0),A,PPS_HAB_EU27_2020,PL72,2023,57,,
dataflow,ESTAT:NAMA_10R_2GDP(1.0),A,PPS_HAB_EU27_2020,PL8,2023,55,,
dataflow,ESTAT:NAMA_10R_2GDP(1.0),A,PPS_HAB_EU27_2020,PL81,2023,53,,
dataflow,ESTAT:NAMA_10R_2GDP(1.0),A,PPS_HAB_EU27_2020,PL82,2023,55,,
dataflow,ESTAT:NAMA_10R_2GDP(1.0),A,PPS_HAB_EU27_2020,PL84,2023,59,,
dataflow,ESTAT:NAMA_10R_2GDP(1.0),A,PPS_HAB_EU27_2020,PL9,2023,121,,
dataflow,ESTAT:NAMA_10R_2GDP(1.0),A,PPS_HAB_EU27_2020,PL91,2023,155,,
dataflow,ESTAT:NAMA_10R_2GDP(1.0),A,PPS_HAB_EU27_2020,PL92,2023,70,,
dataflow,ESTAT:NAMA_10R_2GDP(1.0),A,PPS_HAB_EU27_2020,PT,2023,81,,
dataflow,ESTAT:NAMA_10R_2GDP(1.0),A,PPS_HAB_EU27_2020,PT1,2023,81,,
dataflow,ESTAT:NAMA_10R_2GDP(1.0),A,PPS_HAB_EU27_2020,PT11,2023,69,,
dataflow,ESTAT:NAMA_10R_2GDP(1.0),A,PPS_HAB_EU27_2020,PT15,2023,87,,
dataflow,ESTAT:NAMA_10R_2GDP(1.0),A,PPS_HAB_EU27_2020,PT19,2023,70,,
dataflow,ESTAT:NAMA_10R_2GDP(1.0),A,PPS_HAB_EU27_2020,PT1A,2023,127,,
dataflow,ESTAT:NAMA_10R_2GDP(1.0),A,PPS_HAB_EU27_2020,PT1B,2023,54,,
dataflow,ESTAT:NAMA_10R_2GDP(1.0),A,PPS_HAB_EU27_2020,PT1C,2023,77,,
dataflow,ESTAT:NAMA_10R_2GDP(1.0),A,PPS_HAB_EU27_2020,PT1D,2023,64,,
dataflow,ESTAT:NAMA_10R_2GDP(1.0),A,PPS_HAB_EU27_2020,PT2,2023,71,,
dataflow,ESTAT:NAMA_10R_2GDP(1.0),A,PPS_HAB_EU27_2020,PT20,2023,71,,
dataflow,ESTAT:NAMA_10R_2GDP(1.0),A,PPS_HAB_EU27_2020,PT3,2023,86,,
dataflow,ESTAT:NAMA_10R_2GDP(1.0),A,PPS_HAB_EU27_2020,PT30,2023,86,,
dataflow,ESTAT:NAMA_10R_2GDP(1.0),A,PPS_HAB_EU27_2020,RO,2023,75,,
dataflow,ESTAT:NAMA_10R_2GDP(1.0),A,PPS_HAB_EU27_2020,RO1,2023,69,,
dataflow,ESTAT:NAMA_10R_2GDP(1.0),A,PPS_HAB_EU27_2020,RO11,2023,69,,
dataflow,ESTAT:NAMA_10R_2GDP(1.0),A,PPS_HAB_EU27_2020,RO12,2023,70,,
dataflow,ESTAT:NAMA_10R_2GDP(1.0),A,PPS_HAB_EU27_2020,RO2,2023,51,,
dataflow,ESTAT:NAMA_10R_2GDP(1.0),A,PPS_HAB_EU27_2020,RO21,2023,47,,
dataflow,ESTAT:NAMA_10R_2GDP(1.0),A,PPS_HAB_EU27_2020,RO22,2023,57,,
dataflow,ESTAT:NAMA_10R_2GDP(1.0),A,PPS_HAB_EU27_2020,RO3,2023,111,,
dataflow,ESTAT:NAMA_10R_2GDP(1.0),A,PPS_HAB_EU27_2020,RO31,2023,54,,
dataflow,ESTAT:NAMA_10R_2GDP(1.0),A,PPS_HAB_EU27_2020,RO32,2023,181,,
dataflow,ESTAT:NAMA_10R_2GDP(1.0),A,PPS_HAB_EU27_2020,RO4,2023,67,,
dataflow,ESTAT:NAMA_10R_2GDP(1.0),A,PPS_HAB_EU27_2020,RO41,2023,59,,
dataflow,ESTAT:NAMA_10R_2GDP(1.0),A,PPS_HAB_EU27_2020,RO42,2023,77,,
dataflow,ESTAT:NAMA_10R_2GDP(1.0),A,PPS_HAB_EU27_2020,RS,2023,48,p,
dataflow,ESTAT:NAMA_10R_2GDP(1.0),A,PPS_HAB_EU27_2020,RS1,2023,64,p,
dataflow,ESTAT:NAMA_10R_2GDP(1.0),A,PPS_HAB_EU27_2020,RS11,2023,82,p,
dataflow,ESTAT:NAMA_10R_2GDP(1.0),A,PPS_HAB_EU27_2020,RS12,2023,46,p,
dataflow,ESTAT:NAMA_10R_2GDP(1.0),A,PPS_HAB_EU27_2020,RS2,2023,32,p,
dataflow,ESTAT:NAMA_10R_2GDP(1.0),A,PPS_HAB_EU27_2020,RS21,2023,30,p,
dataflow,ESTAT:NAMA_10R_2GDP(1.0),A,PPS_HAB_EU27_2020,RS22,2023,35,p,
dataflow,ESTAT:NAMA_10R_2GDP(1.0),A,PPS_HAB_EU27_2020,SE,2023,111,,
dataflow,ESTAT:NAMA_10R_2GDP(1.0),A,PPS_HAB_EU27_2020,SE1,2023,128,,
dataflow,ESTAT:NAMA_10R_2GDP(1.0),A,PPS_HAB_EU27_2020,SE11,2023,151,,
dataflow,ESTAT:NAMA_10R_2GDP(1.0),A,PPS_HAB_EU27_2020,SE12,2023,96,,
dataflow,ESTAT:NAMA_10R_2GDP(1.0),A,PPS_HAB_EU27_2020,SE2,2023,102,,
dataflow,ESTAT:NAMA_10R_2GDP(1.0),A,PPS_HAB_EU27_2020,SE21,2023,95,,
dataflow,ESTAT:NAMA_10R_2GDP(1.0),A,PPS_HAB_EU27_2020,SE22,2023,94,,
dataflow,ESTAT:NAMA_10R_2GDP(1.0),A,PPS_HAB_EU27_2020,SE23,2023,110,,
dataflow,ESTAT:NAMA_10R_2GDP(1.0),A,PPS_HAB_EU27_2020,SE3,2023,94,,
dataflow,ESTAT:NAMA_10R_2GDP(1.0),A,PPS_HAB_EU27_2020,SE31,2023,85,,
dataflow,ESTAT:NAMA_10R_2GDP(1.0),A,PPS_HAB_EU27_2020,SE32,2023,95,,
dataflow,ESTAT:NAMA_10R_2GDP(1.0),A,PPS_HAB_EU27_2020,SE33,2023,109,,
dataflow,ESTAT:NAMA_10R_2GDP(1.0),A,PPS_HAB_EU27_2020,SI,2023,91,,
dataflow,ESTAT:NAMA_10R_2GDP(1.0),A,PPS_HAB_EU27_2020,SI0,2023,91,,
dataflow,ESTAT:NAMA_10R_2GDP(1.0),A,PPS_HAB_EU27_2020,SI03,2023,73,,
dataflow,ESTAT:NAMA_10R_2GDP(1.0),A,PPS_HAB_EU27_2020,SI04,2023,112,,
dataflow,ESTAT:NAMA_10R_2GDP(1.0),A,PPS_HAB_EU27_2020,SK,2023,74,,
dataflow,ESTAT:NAMA_10R_2GDP(1.0),A,PPS_HAB_EU27_2020,SK0,2023,74,,
dataflow,ESTAT:NAMA_10R_2GDP(1.0),A,PPS_HAB_EU27_2020,SK01,2023,151,,
dataflow,ESTAT:NAMA_10R_2GDP(1.0),A,PPS_HAB_EU27_2020,SK02,2023,69,,
dataflow,ESTAT:NAMA_10R_2GDP(1.0),A,PPS_HAB_EU27_2020,SK03,2023,61,,
dataflow,ESTAT:NAMA_10R_2GDP(1.0),A,PPS_HAB_EU27_2020,SK04,2023,54,,
dataflow,ESTAT:NAMA_10R_2GDP(1.0),A,PPS_HAB_EU27_2020,TR,2023,67,,
dataflow,ESTAT:NAMA_10R_2GDP(1.0),A,PPS_HAB_EU27_2020,TR1,2023,108,,
dataflow,ESTAT:NAMA_10R_2GDP(1.0),A,PPS_HAB_EU27_2020,TR10,2023,108,,
dataflow,ESTAT:NAMA_10R_2GDP(1.0),A,PPS_HAB_EU27_2020,TR2,2023,71,,
dataflow,ESTAT:NAMA_10R_2GDP(1.0),A,PPS_HAB_EU27_2020,TR21,2023,79,,
dataflow,ESTAT:NAMA_10R_2GDP(1.0),A,PPS_HAB_EU27_2020,TR22,2023,63,,
dataflow,ESTAT:NAMA_10R_2GDP(1.0),A,PPS_HAB_EU27_2020,TR3,2023,65,,
dataflow,ESTAT:NAMA_10R_2GDP(1.0),A,PPS_HAB_EU27_2020,TR31,2023,77,,
dataflow,ESTAT:NAMA_10R_2GDP(1.0),A,PPS_HAB_EU27_2020,TR32,2023,58,,
dataflow,ESTAT:NAMA_10R_2GDP(1.0),A,PPS_HAB_EU27_2020,TR33,2023,56,,
dataflow,ESTAT:NAMA_10R_2GDP(1.0),A,PPS_HAB_EU27_2020,TR4,2023,79,,
dataflow,ESTAT:NAMA_10R_2GDP(1.0),A,PPS_HAB_EU27_2020,TR41,2023,70,,
dataflow,ESTAT:NAMA_10R_2GDP(1.0),A,PPS_HAB_EU27_2020,TR42,2023,89,,
dataflow,ESTAT:NAMA_10R_2GDP(1.0),A,PPS_HAB_EU27_2020,TR5,2023,88,,
dataflow,ESTAT:NAMA_10R_2GDP(1.0),A,PPS_HAB_EU27_2020,TR51,2023,104,,
dataflow,ESTAT:NAMA_10R_2GDP(1.0),A,PPS_HAB_EU27_2020,TR52,2023,54,,
dataflow,ESTAT:NAMA_10R_2GDP(1.0),A,PPS_HAB_EU27_2020,TR6,2023,53,,
dataflow,ESTAT:NAMA_10R_2GDP(1.0),A,PPS_HAB_EU27_2020,TR61,2023,70,,
dataflow,ESTAT:NAMA_10R_2GDP(1.0),A,PPS_HAB_EU27_2020,TR62,2023,52,,
dataflow,ESTAT:NAMA_10R_2GDP(1.0),A,PPS_HAB_EU27_2020,TR63,2023,40,,
dataflow,ESTAT:NAMA_10R_2GDP(1.0),A,PPS_HAB_EU27_2020,TR7,2023,51,,
dataflow,ESTAT:NAMA_10R_2GDP(1.0),A,PPS_HAB_EU27_2020,TR71,2023,52,,
dataflow,ESTAT:NAMA_10R_2GDP(1.0),A,PPS_HAB_EU27_2020,TR72,2023,50,,
dataflow,ESTAT:NAMA_10R_2GDP(1.0),A,PPS_HAB_EU27_2020,TR8,2023,46,,
dataflow,ESTAT:NAMA_10R_2GDP(1.0),A,PPS_HAB_EU27_2020,TR81,2023,49,,
dataflow,ESTAT:NAMA_10R_2GDP(1.0),A,PPS_HAB_EU27_2020,TR82,2023,51,,
dataflow,ESTAT:NAMA_10R_2GDP(1.0),A,PPS_HAB_EU27_2020,TR83,2023,43,,
dataflow,ESTAT:NAMA_10R_2GDP(1.0),A,PPS_HAB_EU27_2020,TR9,2023,41,,
dataflow,ESTAT:NAMA_10R_2GDP(1.0),A,PPS_HAB_EU27_2020,TR90,2023,41,,
dataflow,ESTAT:NAMA_10R_2GDP(1.0),A,PPS_HAB_EU27_2020,TRA,2023,38,,
dataflow,ESTAT:NAMA_10R_2GDP(1.0),A,PPS_HAB_EU27_2020,TRA1,2023,44,,
dataflow,ESTAT:NAMA_10R_2GDP(1.0),A,PPS_HAB_EU27_2020,TRA2,2023,32,,
dataflow,ESTAT:NAMA_10R_2GDP(1.0),A,PPS_HAB_EU27_2020,TRB,2023,34,,
dataflow,ESTAT:NAMA_10R_2GDP(1.0),A,PPS_HAB_EU27_2020,TRB1,2023,41,,
dataflow,ESTAT:NAMA_10R_2GDP(1.0),A,PPS_HAB_EU27_2020,TRB2,2023,28,,
dataflow,ESTAT:NAMA_10R_2GDP(1.0),A,PPS_HAB_EU27_2020,TRC,2023,33,,
dataflow,ESTAT:NAMA_10R_2GDP(1.0),A,PPS_HAB_EU27_2020,TRC1,2023,40,,
dataflow,ESTAT:NAMA_10R_2GDP(1.0),A,PPS_HAB_EU27_2020,TRC2,2023,26,,
dataflow,ESTAT:NAMA_10R_2GDP(1.0),A,PPS_HAB_EU27_2020,TRC3,2023,34,,
