NUTS_ID,CNTR_CODE,NAME_LATN,NAME_ENGL,EU_STAT,CC_STAT,is_eu,sample_group,TIME_PERIOD,unit,gdp_pc_index,log_gdp_pc_index,obs_flag,conf_status,gdp_map_class,queen_degree,is_queen_island,z_log_gdp,spatial_lag,local_moran_i,local_perm_mean,local_p_two_sided,local_q_bh,local_p_holm,lisa_quadrant,lisa_fdr_cluster,lisa_holm_cluster
AT11,AT,Burgenland,Austria,T,F,True,EU27,2023,PPS_HAB_EU27_2020,87,4.465908118654584,,,75-99,5,False,0.08378227798716627,0.3313941602456419,0.027764957657023893,-0.00020480552604173588,0.45096,0.6970508982035928,1.0,High-High,Not significant,Not significant
AT12,AT,Niederösterreich,Austria,T,F,True,EU27,2023,PPS_HAB_EU27_2020,100,4.605170185988092,,,100-124,8,False,0.4302806542351603,0.46715998349779253,0.20100990333191687,-0.0013729707428917297,0.17803,0.3873190677966102,1.0,High-High,Not significant,Not significant
AT13,AT,Wien,Austria,T,F,True,EU27,2023,PPS_HAB_EU27_2020,139,4.9344739331306915,,,125-149,1,False,1.2496223160534767,0.4302806542351603,0.5376883076983463,-0.006752316842304333,0.67444,0.8268375,1.0,High-High,Not significant,Not significant
AT21,AT,Kärnten,Austria,T,F,True,EU27,2023,PPS_HAB_EU27_2020,115,4.74493212836325,,,100-124,7,False,0.778022771105243,0.6613945910718789,0.5145800525397622,-0.0038947883893152026,0.07428,0.23676749999999996,1.0,High-High,Not significant,Not significant
AT22,AT,Steiermark,Austria,T,F,True,EU27,2023,PPS_HAB_EU27_2020,111,4.709530201312334,,,100-124,6,False,0.6899391279849968,0.5455900076909533,0.37642389414362404,-0.0031675910971819573,0.1752,0.3873190677966102,1.0,High-High,Not significant,Not significant
AT31,AT,Oberösterreich,Austria,T,F,True,EU27,2023,PPS_HAB_EU27_2020,123,4.812184355372417,,,100-124,6,False,0.945353243098968,0.8161700007125582,0.7715689570937039,-0.005226784163604078,0.0417,0.16770234375,1.0,High-High,Not significant,Not significant
AT32,AT,Salzburg,Austria,T,F,True,EU27,2023,PPS_HAB_EU27_2020,147,4.990432586778736,,,125-149,6,False,1.3888532135787641,1.1595846826862344,1.6104929129654881,-0.00989991816961166,0.0037,0.047175,0.8732000000000001,High-High,High-High,Not significant
AT33,AT,Tirol,Austria,T,F,True,EU27,2023,PPS_HAB_EU27_2020,128,4.852030263919617,,,125-149,7,False,1.0444939701906215,1.1502231015937103,1.201401093988585,-0.006495027918668676,0.00182,0.029484375,0.43862,High-High,High-High,Not significant
AT34,AT,Vorarlberg,Austria,T,F,True,EU27,2023,PPS_HAB_EU27_2020,126,4.836281906951478,,,125-149,3,False,1.0053104349859783,0.9074160033686153,0.9122347770597405,-0.006266504014005612,0.1114,0.290225,1.0,High-High,Not significant,Not significant
BE10,BE,Région de Bruxelles-Capitale/ Brussels Hoofdstedelijk Gewest,Belgium,T,F,True,EU27,2023,PPS_HAB_EU27_2020,190,5.247024072160486,,,150+,1,False,2.027279274215341,1.0638567376587238,2.156734714989878,-0.01830827064501716,0.28668,0.5259237410071942,1.0,High-High,Not significant,Not significant
BE21,BE,Prov. Antwerpen,Belgium,T,F,True,EU27,2023,PPS_HAB_EU27_2020,140,4.941642422609304,,,125-149,5,False,1.2674582566800192,0.7943466206722875,1.0068011830369619,-0.00857356052724882,0.07104,0.23224615384615385,1.0,High-High,Not significant,Not significant
BE22,BE,Prov. Limburg (BE),Belgium,T,F,True,EU27,2023,PPS_HAB_EU27_2020,96,4.564348191467836,,,75-99,5,False,0.32871132464450503,0.8473537452698543,0.27853477205013627,-0.0011230884976812295,0.0565,0.20880434782608698,1.0,High-High,Not significant,Not significant
BE23,BE,Prov. Oost-Vlaanderen,Belgium,T,F,True,EU27,2023,PPS_HAB_EU27_2020,111,4.709530201312334,,,100-124,5,False,0.6899391279849968,0.7039184374254306,0.4856608728898631,-0.003255527123638711,0.11092,0.290225,1.0,High-High,Not significant,Not significant
BE24,BE,Prov. Vlaams-Brabant,Belgium,T,F,True,EU27,2023,PPS_HAB_EU27_2020,129,4.859812404361672,,,125-149,7,False,1.0638567376587238,0.7969285368157233,0.8478177933239155,-0.006792171879798923,0.03184,0.1542990566037736,1.0,High-High,Not significant,Not significant
BE25,BE,Prov. West-Vlaanderen,Belgium,T,F,True,EU27,2023,PPS_HAB_EU27_2020,119,4.77912349311153,,,100-124,4,False,0.8630944104527305,0.2068012738817471,0.17848902356184015,-0.004980429086582807,0.6673,0.8220362318840579,1.0,High-High,Not significant,Not significant
BE31,BE,Prov. Brabant wallon,Belgium,T,F,True,EU27,2023,PPS_HAB_EU27_2020,158,5.062595033026967,,,150+,4,False,1.5684008170996464,0.1589110488841771,0.2492362189161052,-0.013147278280571472,0.73395,0.8786725352112676,1.0,High-High,Not significant,Not significant
BE32,BE,Prov. Hainaut,Belgium,T,F,True,EU27,2023,PPS_HAB_EU27_2020,72,4.276666119016055,,,50-74,8,False,-0.3870713209016114,0.4617354298734605,-0.17872454274819372,-2.487074877293971e-05,0.18677,0.4002214285714285,1.0,Low-High,Not significant,Not significant
BE33,BE,Prov. Liège,Belgium,T,F,True,EU27,2023,PPS_HAB_EU27_2020,87,4.465908118654584,,,75-99,9,False,0.08378227798716627,0.7633514200744855,0.06395532087857868,-0.00016245692265665255,0.01897,0.1148093023255814,1.0,High-High,Not significant,Not significant
BE34,BE,Prov. Luxembourg (BE),Belgium,T,F,True,EU27,2023,PPS_HAB_EU27_2020,73,4.290459441148391,,,50-74,5,False,-0.35275211385958116,0.4873121467083036,-0.17190038986080441,0.0001978981091906788,0.27115,0.5186999999999999,1.0,Low-High,Not significant,Not significant
BE35,BE,Prov. Namur,Belgium,T,F,True,EU27,2023,PPS_HAB_EU27_2020,80,4.382026634673881,,,75-99,5,False,-0.12492349920757029,0.21053843388565396,-0.026301197878677584,0.00018764258709926606,0.63397,0.8042902985074627,1.0,Low-High,Not significant,Not significant
BG31,BG,Severozapaden,Bulgaria,T,F,True,EU27,2023,PPS_HAB_EU27_2020,42,3.7376696182833684,,,<50,7,False,-1.7281501651497446,-1.181812860830991,2.042350090621169,-0.008122404179444194,0.00135,0.02648076923076923,0.32805,Low-Low,Low-Low,Not significant
BG32,BG,Severen tsentralen,Bulgaria,T,F,True,EU27,2023,PPS_HAB_EU27_2020,43,3.7612001156935624,,,<50,5,False,-1.669603862476999,-1.239305642853077,2.069149488097038,-0.007721473028779609,0.00459,0.051743750000000005,1.0,Low-Low,Not significant,Not significant
BG33,BG,Severoiztochen,Bulgaria,T,F,True,EU27,2023,PPS_HAB_EU27_2020,50,3.912023005428146,,,50-74,3,False,-1.294340968605761,-1.2469289921797169,1.6139512795205,-0.0036979547476575446,0.02987,0.152337,1.0,Low-Low,Not significant,Not significant
BG34,BG,Yugoiztochen,Bulgaria,T,F,True,EU27,2023,PPS_HAB_EU27_2020,54,3.9889840465642745,,,50-74,5,False,-1.1028539664477277,-1.3272846318021065,1.463801120788065,-0.002333213943892353,0.00266,0.0357,0.63042,Low-Low,Low-Low,Not significant
BG41,BG,Yugozapaden,Bulgaria,T,F,True,EU27,2023,PPS_HAB_EU27_2020,101,4.61512051684126,,,100-124,6,False,0.45503810290563124,-1.6926254763879012,-0.7702090857052909,-0.001694177737751278,6e-05,0.002185714285714286,0.01494,High-Low,High-Low,High-Low
BG42,BG,Yuzhen tsentralen,Bulgaria,T,F,True,EU27,2023,PPS_HAB_EU27_2020,41,3.713572066704308,,,<50,5,False,-1.7881073570367538,-0.8289180812411294,1.482194519448053,-0.008973374712658147,0.05973,0.21758785714285714,1.0,Low-Low,Not significant,Not significant
CY00,CY,Kýpros,Cyprus,T,F,True,EU27,2023,PPS_HAB_EU27_2020,97,4.574710978503383,,,75-99,0,True,,,,,,,,No contiguity neighbor,No contiguity neighbor,No contiguity neighbor
CZ01,CZ,Praha,Czechia,T,F,True,EU27,2023,PPS_HAB_EU27_2020,197,5.2832037287379885,,,150+,1,False,2.117297988552625,-0.0634857341958336,-0.13441821731462508,-0.018666756305119585,0.94631,0.9790873493975903,1.0,High-Low,Not significant,Not significant
CZ02,CZ,Střední Čechy,Czechia,T,F,True,EU27,2023,PPS_HAB_EU27_2020,82,4.406719247264253,,,75-99,5,False,-0.0634857341958336,0.16903428904055234,-0.010731265944010214,0.00010463221317268455,0.70038,0.8449641509433962,1.0,Low-High,Not significant,Not significant
CZ03,CZ,Jihozápad,Czechia,T,F,True,EU27,2023,PPS_HAB_EU27_2020,77,4.343805421853684,,,75-99,7,False,-0.22002181588494119,0.34054552050034836,-0.07492744381196911,0.00026338927808690555,0.36135,0.6184177852348993,1.0,Low-High,Not significant,Not significant
CZ04,CZ,Severozápad,Czechia,T,F,True,EU27,2023,PPS_HAB_EU27_2020,62,4.127134385045092,,,50-74,7,False,-0.7591216861629866,0.18272481721662556,-0.13871037134930833,-0.0006152352141499239,0.62667,0.80427,1.0,Low-High,Not significant,Not significant
CZ05,CZ,Severovýchod,Czechia,T,F,True,EU27,2023,PPS_HAB_EU27_2020,74,4.30406509320417,,,50-74,6,False,-0.31889984930980475,-0.15489315078746196,0.04939540244524249,0.0001956232104969463,0.70187,0.8449641509433962,1.0,Low-Low,Not significant,Not significant
CZ06,CZ,Jihovýchod,Czechia,T,F,True,EU27,2023,PPS_HAB_EU27_2020,85,4.442651256490317,,,75-99,6,False,0.02591680800786937,-0.16399843705813763,-0.004250316006826403,-5.017600353411428e-05,0.68722,0.8384741626794259,1.0,High-Low,Not significant,Not significant
CZ07,CZ,Střední Morava,Czechia,T,F,True,EU27,2023,PPS_HAB_EU27_2020,74,4.30406509320417,,,50-74,7,False,-0.31889984930980475,-0.40932819909287593,0.13053470100897188,0.0002657519061540893,0.27664,0.5186999999999999,1.0,Low-Low,Not significant,Not significant
CZ08,CZ,Moravskoslezsko,Czechia,T,F,True,EU27,2023,PPS_HAB_EU27_2020,70,4.248495242049359,,,50-74,4,False,-0.4571633661608987,-0.5084554697897352,0.23244721411199648,0.00012747844247293756,0.30799,0.5530806338028168,1.0,Low-Low,Not significant,Not significant
DE11,DE,Stuttgart,Germany,T,F,True,EU27,2023,PPS_HAB_EU27_2020,156,5.049856007249537,p,,150+,5,False,1.5367048080472325,0.9178037696178614,1.410393465615642,-0.012345554842975844,0.0365,0.16047413793103446,1.0,High-High,Not significant,Not significant
DE12,DE,Karlsruhe,Germany,T,F,True,EU27,2023,PPS_HAB_EU27_2020,126,4.836281906951478,p,,125-149,7,False,1.0053104349859783,0.8897785189871849,0.8945036299641863,-0.005853998874666123,0.01622,0.10448624999999997,1.0,High-High,Not significant,Not significant
DE13,DE,Freiburg,Germany,T,F,True,EU27,2023,PPS_HAB_EU27_2020,107,4.672828834461906,p,,100-124,3,False,0.5986223447198136,0.7221454451543367,0.43229239960702254,-0.002803366294253417,0.20469,0.412721484375,1.0,High-High,Not significant,Not significant
DE14,DE,Tübingen,Germany,T,F,True,EU27,2023,PPS_HAB_EU27_2020,124,4.820281565605037,p,,100-124,5,False,0.9654999366779335,0.9716404251952587,0.9381187689997428,-0.005834132930590541,0.02795,0.14816020408163263,1.0,High-High,Not significant,Not significant
DE21,DE,Oberbayern,Germany,T,F,True,EU27,2023,PPS_HAB_EU27_2020,174,5.159055299214529,p,,150+,7,False,1.8084039008280863,0.9942409466119471,1.7979892062160543,-0.01615207227032127,0.00667,0.0597051724137931,1.0,High-High,Not significant,Not significant
DE22,DE,Niederbayern,Germany,T,F,True,EU27,2023,PPS_HAB_EU27_2020,116,4.7535901911063645,p,,100-124,4,False,0.7995649235332827,0.8847614407570228,0.7074242137240859,-0.00435502077116565,0.07305,0.23579430379746838,1.0,High-High,Not significant,Not significant
DE23,DE,Oberpfalz,Germany,T,F,True,EU27,2023,PPS_HAB_EU27_2020,126,4.836281906951478,p,,125-149,6,False,1.0053104349859783,0.5637701979928602,0.5667640629763334,-0.005826511548837836,0.16024,0.3714654545454545,1.0,High-High,Not significant,Not significant
DE24,DE,Oberfranken,Germany,T,F,True,EU27,2023,PPS_HAB_EU27_2020,111,4.709530201312334,p,,100-124,6,False,0.6899391279849968,0.3475214742510727,0.2397686629008456,-0.003097344526326033,0.38305,0.6475986754966887,1.0,High-High,Not significant,Not significant
DE25,DE,Mittelfranken,Germany,T,F,True,EU27,2023,PPS_HAB_EU27_2020,129,4.859812404361672,p,,125-149,6,False,1.0638567376587238,1.0991183351021605,1.1693044462826725,-0.006502905789321915,0.00602,0.0597051724137931,1.0,High-High,Not significant,Not significant
DE26,DE,Unterfranken,Germany,T,F,True,EU27,2023,PPS_HAB_EU27_2020,118,4.770684624465665,p,,100-124,7,False,0.84209763552938,0.9084941357401807,0.7650407635991138,-0.004516334781857543,0.01379,0.09522236842105262,1.0,High-High,Not significant,Not significant
DE27,DE,Schwaben,Germany,T,F,True,EU27,2023,PPS_HAB_EU27_2020,112,4.718498871295094,p,,100-124,6,False,0.7122541032372909,1.2373782980647625,0.8813277700534027,-0.0031311008657848804,0.00185,0.029484375,0.444,High-High,High-High,Not significant
DE30,DE,Berlin,Germany,T,F,True,EU27,2023,PPS_HAB_EU27_2020,127,4.844187086458591,p,,125-149,1,False,1.0249793363286812,0.08378227798716627,0.08587510368739076,-0.005561156320618713,0.91046,0.9673637500000001,1.0,High-High,Not significant,Not significant
DE40,DE,Brandenburg,Germany,T,F,True,EU27,2023,PPS_HAB_EU27_2020,87,4.465908118654584,p,,75-99,8,False,0.08378227798716627,0.03392950399344354,0.002842691135545355,-0.00014848409644348473,0.9191,0.9709308641975308,1.0,High-High,Not significant,Not significant
DE50,DE,Bremen,Germany,T,F,True,EU27,2023,PPS_HAB_EU27_2020,135,4.90527477843843,p,,125-149,3,False,1.1769718098359208,0.43781020474758214,0.5152902690463967,-0.008628334757655152,0.43602,0.694906875,1.0,High-High,Not significant,Not significant
DE60,DE,Hamburg,Germany,T,F,True,EU27,2023,PPS_HAB_EU27_2020,195,5.272999558563747,p,,150+,2,False,2.0919089614899606,0.1773140663261872,0.37092488434597626,-0.022492367222577917,0.78944,0.9067891891891892,1.0,High-High,Not significant,Not significant
DE71,DE,Darmstadt,Germany,T,F,True,EU27,2023,PPS_HAB_EU27_2020,149,5.003946305945459,p,,125-149,6,False,1.4224767396257187,0.6615105048208537,0.9409833061257313,-0.010540161171342436,0.09713,0.27897000000000005,1.0,High-High,Not significant,Not significant
DE72,DE,Gießen,Germany,T,F,True,EU27,2023,PPS_HAB_EU27_2020,101,4.61512051684126,p,,100-124,4,False,0.45503810290563124,0.7129880112134738,0.32443671201703805,-0.0018282195234799543,0.15007,0.3565277777777777,1.0,High-High,Not significant,Not significant
DE73,DE,Kassel,Germany,T,F,True,EU27,2023,PPS_HAB_EU27_2020,109,4.6913478822291435,p,,100-124,7,False,0.6446996441874406,0.6930288900822019,0.4467954788476125,-0.0030830285306611355,0.06196,0.21916027397260276,1.0,High-High,Not significant,Not significant
DE80,DE,Mecklenburg-Vorpommern,Germany,T,F,True,EU27,2023,PPS_HAB_EU27_2020,87,4.465908118654584,p,,75-99,4,False,0.08378227798716627,-0.07022519430385032,-0.005883626750867953,-0.00022123717313467188,0.89052,0.9541285714285713,1.0,High-Low,Not significant,Not significant
DE91,DE,Braunschweig,Germany,T,F,True,EU27,2023,PPS_HAB_EU27_2020,130,4.867534450455582,p,,125-149,6,False,1.083069984195157,0.3378377462541395,0.3659019224959983,-0.0066399097293442155,0.39291,0.6588166666666666,1.0,High-High,Not significant,Not significant
DE92,DE,Hannover,Germany,T,F,True,EU27,2023,PPS_HAB_EU27_2020,112,4.718498871295094,p,,100-124,5,False,0.7122541032372909,0.6965971922859452,0.4961542085092406,-0.0035159617554136693,0.11427,0.290225,1.0,High-High,Not significant,Not significant
DE93,DE,Lüneburg,Germany,T,F,True,EU27,2023,PPS_HAB_EU27_2020,85,4.442651256490317,p,,75-99,9,False,0.02591680800786937,0.684628583375847,0.017743387552051414,-4.281866544522696e-05,0.03629,0.16047413793103446,1.0,High-High,Not significant,Not significant
DE94,DE,Weser-Ems,Germany,T,F,True,EU27,2023,PPS_HAB_EU27_2020,106,4.663439094112067,p,,100-124,8,False,0.5752597029975863,0.5921615320920237,0.34064666707785324,-0.0022375498337065553,0.08821,0.26661,1.0,High-High,Not significant,Not significant
DEA1,DE,Düsseldorf,Germany,T,F,True,EU27,2023,PPS_HAB_EU27_2020,118,4.770684624465665,p,,100-124,5,False,0.84209763552938,0.5961625975653054,0.502027113800797,-0.0046435486285211,0.17397,0.3873190677966102,1.0,High-High,Not significant,Not significant
DEA2,DE,Köln,Germany,T,F,True,EU27,2023,PPS_HAB_EU27_2020,120,4.787491742782046,p,,100-124,6,False,0.8839154780872335,0.4205813418809732,0.3717583578832906,-0.004599758686057849,0.29282,0.5333507142857142,1.0,High-High,Not significant,Not significant
DEA3,DE,Münster,Germany,T,F,True,EU27,2023,PPS_HAB_EU27_2020,97,4.574710978503383,p,,75-99,6,False,0.35449500680557505,0.6415136594839546,0.22741338908463382,-0.001157865359429972,0.11122,0.290225,1.0,High-High,Not significant,Not significant
DEA4,DE,Detmold,Germany,T,F,True,EU27,2023,PPS_HAB_EU27_2020,108,4.68213122712422,p,,100-124,6,False,0.6217676563931923,0.6333431826097016,0.39379230634383977,-0.002572185303602215,0.11527,0.290225,1.0,High-High,Not significant,Not significant
DEA5,DE,Arnsberg,Germany,T,F,True,EU27,2023,PPS_HAB_EU27_2020,100,4.605170185988092,p,,100-124,7,False,0.4302806542351603,0.5937869329591468,0.25549502998995094,-0.001571821576351064,0.11089,0.290225,1.0,High-High,Not significant,Not significant
DEB1,DE,Koblenz,Germany,T,F,True,EU27,2023,PPS_HAB_EU27_2020,97,4.574710978503383,p,,75-99,7,False,0.35449500680557505,0.6259658598159362,0.22190177173550796,-0.0012353742560079143,0.09285,0.27214655172413793,1.0,High-High,Not significant,Not significant
DEB2,DE,Trier,Germany,T,F,True,EU27,2023,PPS_HAB_EU27_2020,90,4.499809670330265,p,,75-99,5,False,0.16813283254111702,0.8733618658408807,0.1468408043372223,-0.00044500758539781885,0.04956,0.18862388059701493,1.0,High-High,Not significant,Not significant
DEB3,DE,Rheinhessen-Pfalz,Germany,T,F,True,EU27,2023,PPS_HAB_EU27_2020,110,4.700480365792417,p,,100-124,6,False,0.6674222045111178,0.496608506360394,0.3314475440940276,-0.0029846909650816603,0.21703,0.4257126923076923,1.0,High-High,Not significant,Not significant
DEC0,DE,Saarland,Germany,T,F,True,EU27,2023,PPS_HAB_EU27_2020,97,4.574710978503383,p,,75-99,5,False,0.35449500680557505,0.7054838979034165,0.25009051918849523,-0.001215971126383628,0.11074,0.290225,1.0,High-High,Not significant,Not significant
DED2,DE,Dresden,Germany,T,F,True,EU27,2023,PPS_HAB_EU27_2020,93,4.532599493153256,p,,75-99,7,False,0.24971729113181718,-0.22011086107688646,-0.05496548797681182,-0.0007824605507913543,0.5634,0.756142105263158,1.0,High-Low,Not significant,Not significant
DED4,DE,Chemnitz,Germany,T,F,True,EU27,2023,PPS_HAB_EU27_2020,82,4.406719247264253,p,,75-99,5,False,-0.0634857341958336,0.11140408538579287,-0.007072570153132397,0.0001133539048424269,0.79692,0.9070891592920354,1.0,Low-High,Not significant,Not significant
DED5,DE,Leipzig,Germany,T,F,True,EU27,2023,PPS_HAB_EU27_2020,98,4.584967478670572,p,,75-99,5,False,0.38001423628396247,0.05848042012443874,0.022223392191153858,-0.0013314130143238208,0.8882,0.9541285714285713,1.0,High-High,Not significant,Not significant
DEE0,DE,Sachsen-Anhalt,Germany,T,F,True,EU27,2023,PPS_HAB_EU27_2020,85,4.442651256490317,p,,75-99,5,False,0.02591680800786937,0.31385095283306597,0.008134014887661436,-4.8519041875425315e-05,0.47631,0.714465,1.0,High-High,Not significant,Not significant
DEF0,DE,Schleswig-Holstein,Germany,T,F,True,EU27,2023,PPS_HAB_EU27_2020,96,4.564348191467836,p,,75-99,4,False,0.32871132464450503,0.7115769229181094,0.23390339291887258,-0.0011501146087562792,0.151,0.3565277777777777,1.0,High-High,Not significant,Not significant
DEG0,DE,Thüringen,Germany,T,F,True,EU27,2023,PPS_HAB_EU27_2020,84,4.430816798843313,p,,75-99,7,False,-0.0035285423088255467,0.514607385998996,-0.0018158139339315767,6.7793244819252325e-06,0.16824,0.3864972972972973,1.0,Low-High,Not significant,Not significant
DK01,DK,Hovedstaden,Denmark,T,F,True,EU27,2023,PPS_HAB_EU27_2020,170,5.135798437050262,,,150+,1,False,1.7505384308487895,0.14033250910264938,0.2456574502816253,-0.01232416430487647,0.87205,0.9503108974358975,1.0,High-High,Not significant,Not significant
DK02,DK,Sjælland,Denmark,T,F,True,EU27,2023,PPS_HAB_EU27_2020,89,4.48863636973214,,,75-99,1,False,0.14033250910264938,1.7505384308487895,0.2456574502816253,-0.00016807634707912306,0.08539,0.26234277108433735,1.0,High-High,Not significant,Not significant
DK03,DK,Syddanmark,Denmark,T,F,True,EU27,2023,PPS_HAB_EU27_2020,109,4.6913478822291435,,,100-124,2,False,0.6446996441874406,0.48670548441597283,0.31377885262705363,-0.0033389934641817787,0.48468,0.7164067415730336,1.0,High-High,Not significant,Not significant
DK04,DK,Midtjylland,Denmark,T,F,True,EU27,2023,PPS_HAB_EU27_2020,109,4.6913478822291435,,,100-124,2,False,0.6446996441874406,0.5374901492113004,0.3465197079507798,-0.0033012034583531193,0.44043,0.6970508982035928,1.0,High-High,Not significant,Not significant
DK05,DK,Nordjylland,Denmark,T,F,True,EU27,2023,PPS_HAB_EU27_2020,100,4.605170185988092,,,100-124,1,False,0.4302806542351603,0.6446996441874406,0.277401784686147,-0.0010651462552290385,0.52813,0.7359188524590163,1.0,High-High,Not significant,Not significant
EE00,EE,Eesti,Estonia,T,F,True,EU27,2023,PPS_HAB_EU27_2020,80,4.382026634673881,,,75-99,1,False,-0.12492349920757029,-0.4571633661608987,0.057110447410331194,4.61856828428581e-05,0.65472,0.8220362318840579,1.0,Low-Low,Not significant,Not significant
EL30,EL,Attiki,Greece,T,F,True,EU27,2023,PPS_HAB_EU27_2020,96,4.564348191467836,p,,75-99,2,False,0.32871132464450503,-0.925426567462982,-0.30419819285197425,-0.0014077337487166585,0.1887,0.40098750000000005,1.0,High-Low,Not significant,Not significant
EL41,EL,Voreio Aigaio,Greece,T,F,True,EU27,2023,PPS_HAB_EU27_2020,42,3.7376696182833684,p,,<50,0,True,,,,,,,,No contiguity neighbor,No contiguity neighbor,No contiguity neighbor
EL42,EL,Notio Aigaio,Greece,T,F,True,EU27,2023,PPS_HAB_EU27_2020,69,4.23410650459726,p,,50-74,0,True,,,,,,,,No contiguity neighbor,No contiguity neighbor,No contiguity neighbor
EL43,EL,Kriti,Greece,T,F,True,EU27,2023,PPS_HAB_EU27_2020,59,4.07753744390572,p,,50-74,0,True,,,,,,,,No contiguity neighbor,No contiguity neighbor,No contiguity neighbor
EL51,EL,"Anatoliki Makedonia, Thraki",Greece,T,F,True,EU27,2023,PPS_HAB_EU27_2020,44,3.784189633918261,p,,<50,4,False,-1.6124035717725318,-0.6366223695505497,1.026492182533599,-0.006203841944342334,0.19523,0.40451159999999997,1.0,Low-Low,Not significant,Not significant
EL52,EL,Kentriki Makedonia,Greece,T,F,True,EU27,2023,PPS_HAB_EU27_2020,55,4.007333185232471,p,,50-74,5,False,-1.0571994183298024,-1.0873139173195812,1.14950764093216,-0.0020887620204299165,0.01398,0.09522236842105262,1.0,Low-Low,Not significant,Not significant
EL53,EL,Dytiki Makedonia,Greece,T,F,True,EU27,2023,PPS_HAB_EU27_2020,50,3.912023005428146,p,,50-74,4,False,-1.294340968605761,-1.4136165348068945,1.8297017948990753,-0.0038105746028387903,0.00405,0.04917857142857142,0.95175,Low-Low,Low-Low,Not significant
EL54,EL,Ipeiros,Greece,T,F,True,EU27,2023,PPS_HAB_EU27_2020,44,3.784189633918261,p,,<50,3,False,-1.6124035717725318,-1.2785680490837366,2.0615676890968544,-0.006842222155448865,0.02537,0.13764574468085108,1.0,Low-Low,Not significant,Not significant
EL61,EL,Thessalia,Greece,T,F,True,EU27,2023,PPS_HAB_EU27_2020,52,3.9512437185814275,p,,50-74,5,False,-1.1967557920884904,-1.2382150665153189,1.4818410527034431,-0.003210836082235654,0.00487,0.051743750000000005,1.0,Low-Low,Not significant,Not significant
EL62,EL,Ionia Nisia,Greece,T,F,True,EU27,2023,PPS_HAB_EU27_2020,63,4.143134726391533,p,,50-74,0,True,,,,,,,,No contiguity neighbor,No contiguity neighbor,No contiguity neighbor
EL63,EL,Dytiki Elláda,Greece,T,F,True,EU27,2023,PPS_HAB_EU27_2020,49,3.8918202981106265,p,,<50,4,False,-1.3446073865569588,-1.1650031246967465,1.566471806829183,-0.004691568775358627,0.01874,0.1148093023255814,1.0,Low-Low,Not significant,Not significant
EL64,EL,Sterea Elláda,Greece,T,F,True,EU27,2023,PPS_HAB_EU27_2020,59,4.07753744390572,p,,50-74,3,False,-0.8825239873115402,-0.7375506180003146,0.6509061122417283,-0.00107128092574488,0.19676,0.40451159999999997,1.0,Low-Low,Not significant,Not significant
EL65,EL,Peloponnisos,Greece,T,F,True,EU27,2023,PPS_HAB_EU27_2020,57,4.04305126783455,p,,50-74,2,False,-0.9683291476144239,-0.5079480309562269,0.49186088384826815,-0.0009775331669231997,0.47031,0.7096393491124261,1.0,Low-Low,Not significant,Not significant
ES11,ES,Galicia,Spain,T,F,True,EU27,2023,PPS_HAB_EU27_2020,84,4.430816798843313,p,,75-99,3,False,-0.0035285423088255467,-0.16714400057183845,0.0005897746776840934,7.841915868433985e-06,0.77571,0.8991184090909091,1.0,Low-Low,Not significant,Not significant
ES12,ES,Principado de Asturias,Spain,T,F,True,EU27,2023,PPS_HAB_EU27_2020,82,4.406719247264253,p,,75-99,3,False,-0.0634857341958336,0.006054226041222233,-0.00038435698521452864,0.00013167491993173823,0.98847,0.9923616141732283,1.0,Low-High,Not significant,Not significant
ES13,ES,Cantabria,Spain,T,F,True,EU27,2023,PPS_HAB_EU27_2020,83,4.418840607796598,p,,75-99,3,False,-0.033326539931427784,0.24927483379819426,-0.008307467702475545,7.480182705280556e-05,0.66192,0.8220362318840579,1.0,Low-High,Not significant,Not significant
ES21,ES,País Vasco,Spain,T,F,True,EU27,2023,PPS_HAB_EU27_2020,114,4.736198448394496,p,,100-124,5,False,0.7562924752264963,0.21166691585369898,0.16008209571455254,-0.003811244077805961,0.62522,0.80427,1.0,High-High,Not significant,Not significant
ES22,ES,Comunidad Foral de Navarra,Spain,T,F,True,EU27,2023,PPS_HAB_EU27_2020,108,4.68213122712422,p,,100-124,4,False,0.6217676563931923,0.4126799523823123,0.25659104683320455,-0.0029486027814363356,0.40194,0.6603682692307693,1.0,High-High,Not significant,Not significant
ES23,ES,La Rioja,Spain,T,F,True,EU27,2023,PPS_HAB_EU27_2020,95,4.553876891600541,p,,75-99,4,False,0.30265765137442097,0.4781573809608878,0.14471798990896656,-0.0009931285144760052,0.33489,0.5809316326530612,1.0,High-High,Not significant,Not significant
ES24,ES,Aragón,Spain,T,F,True,EU27,2023,PPS_HAB_EU27_2020,102,4.624972813284271,p,,100-124,8,False,0.4795516318599425,0.15587385673002493,0.07474956235918634,-0.0016755898590380559,0.6485,0.8186509900990098,1.0,High-High,Not significant,Not significant
ES30,ES,Comunidad de Madrid,Spain,T,F,True,EU27,2023,PPS_HAB_EU27_2020,125,4.8283137373023015,p,,125-149,2,False,0.9854848076778887,-0.14886717674783057,-0.14670634104688607,-0.006547554804771028,0.84084,0.9350960869565217,1.0,High-Low,Not significant,Not significant
ES41,ES,Castilla y León,Spain,T,F,True,EU27,2023,PPS_HAB_EU27_2020,86,4.454347296253507,p,,75-99,11,False,0.05501776036392004,0.06032753414888012,0.003319085817149289,-0.0001202346899065874,0.83322,0.9318907894736841,1.0,High-High,Not significant,Not significant
ES42,ES,Castilla-La Mancha,Spain,T,F,True,EU27,2023,PPS_HAB_EU27_2020,73,4.290459441148391,p,,50-74,7,False,-0.35275211385958116,0.008597811743049646,-0.003032896266927493,0.0003075637384411036,0.9798,0.9923616141732283,1.0,Low-High,Not significant,Not significant
ES43,ES,Extremadura,Spain,T,F,True,EU27,2023,PPS_HAB_EU27_2020,70,4.248495242049359,p,,50-74,5,False,-0.4571633661608987,-0.300841376195272,0.1375336562219078,0.00014512469730102633,0.49696,0.7164067415730336,1.0,Low-Low,Not significant,Not significant
ES51,ES,Cataluña,Spain,T,F,True,EU27,2023,PPS_HAB_EU27_2020,104,4.6443908991413725,p,,100-124,4,False,0.5278658307524287,0.067962708703421,0.03587519168991664,-0.0022977681698890784,0.88293,0.9541285714285713,1.0,High-High,Not significant,Not significant
ES52,ES,Comunitat Valenciana,Spain,T,F,True,EU27,2023,PPS_HAB_EU27_2020,78,4.356708826689592,p,,75-99,4,False,-0.18791681479368774,0.09229083936045791,-0.017343000567253155,0.0002638900709474362,0.84945,0.9377045454545455,1.0,Low-High,Not significant,Not significant
ES53,ES,Illes Balears,Spain,T,F,True,EU27,2023,PPS_HAB_EU27_2020,99,4.59511985013459,p,,75-99,0,True,,,,,,,,No contiguity neighbor,No contiguity neighbor,No contiguity neighbor
ES61,ES,Andalucía,Spain,T,F,True,EU27,2023,PPS_HAB_EU27_2020,68,4.219507705176107,p,,50-74,5,False,-0.529287345434859,-0.24633140184584262,0.13038009378023357,-8.0709155248473e-05,0.5786,0.7724764397905759,1.0,Low-Low,Not significant,Not significant
ES62,ES,Región de Murcia,Spain,T,F,True,EU27,2023,PPS_HAB_EU27_2020,75,4.31748811353631,p,,75-99,3,False,-0.2855019913109583,-0.35665209136270926,0.10182488228927133,0.0003873411476037613,0.53574,0.7384524324324324,1.0,Low-Low,Not significant,Not significant
ES63,ES,Ciudad de Ceuta,Spain,T,F,True,EU27,2023,PPS_HAB_EU27_2020,66,4.189654742026425,p,,50-74,0,True,,,,,,,,No contiguity neighbor,No contiguity neighbor,No contiguity neighbor
ES64,ES,Ciudad de Melilla,Spain,T,F,True,EU27,2023,PPS_HAB_EU27_2020,60,4.0943445622221,p,,50-74,0,True,,,,,,,,No contiguity neighbor,No contiguity neighbor,No contiguity neighbor
ES70,ES,Canarias,Spain,T,F,True,EU27,2023,PPS_HAB_EU27_2020,71,4.2626798770413155,p,,50-74,0,True,,,,,,,,No contiguity neighbor,No contiguity neighbor,No contiguity neighbor
FI19,FI,Länsi-Suomi,Finland,T,F,True,EU27,2023,PPS_HAB_EU27_2020,94,4.543294782270004,,,75-99,2,False,0.27632827273947125,0.12627528008551941,0.03489343003572453,-0.0010582146107876134,0.85565,0.9404773706896552,1.0,High-High,Not significant,Not significant
FI1B,FI,Helsinki-Uusimaa,Finland,T,F,True,EU27,2023,PPS_HAB_EU27_2020,131,4.875197323201151,,,125-149,1,False,1.1021360013423533,0.14033250910264938,0.1546655104407334,-0.005578323840422473,0.87204,0.9503108974358975,1.0,High-High,Not significant,Not significant
FI1C,FI,Etelä-Suomi,Finland,T,F,True,EU27,2023,PPS_HAB_EU27_2020,89,4.48863636973214,,,75-99,3,False,0.14033250910264938,0.49689410838340464,0.06973039698776698,-0.0004315615083197865,0.38348,0.6475986754966887,1.0,High-High,Not significant,Not significant
FI1D,FI,Pohjois- ja Itä-Suomi,Finland,T,F,True,EU27,2023,PPS_HAB_EU27_2020,88,4.477336814478207,,,75-99,3,False,0.11221805106838942,0.3537868086765204,0.039701266163384284,-0.00032442149609092114,0.53437,0.7384524324324324,1.0,High-High,Not significant,Not significant
FI20,FI,Åland,Finland,T,F,True,EU27,2023,PPS_HAB_EU27_2020,114,4.736198448394496,,,100-124,0,True,,,,,,,,No contiguity neighbor,No contiguity neighbor,No contiguity neighbor
FR10,FR,Ile-de-France,France,T,F,True,EU27,2023,PPS_HAB_EU27_2020,160,5.075173815233827,p,,150+,5,False,1.5996981236333498,-0.049749792475767295,-0.07958464967463348,-0.012715783926333067,0.92425,0.9709308641975308,1.0,High-Low,Not significant,Not significant
FRB0,FR,Centre — Val de Loire,France,T,F,True,EU27,2023,PPS_HAB_EU27_2020,83,4.418840607796598,p,,75-99,8,False,-0.033326539931427784,0.15014475901948782,-0.005003805306957563,4.377865757670361e-05,0.6646,0.8220362318840579,1.0,Low-High,Not significant,Not significant
FRC1,FR,Bourgogne,France,T,F,True,EU27,2023,PPS_HAB_EU27_2020,83,4.418840607796598,p,,75-99,6,False,-0.033326539931427784,0.30112312403343855,-0.010035391817376671,5.7617864524834575e-05,0.45211,0.6970508982035928,1.0,Low-High,Not significant,Not significant
FRC2,FR,Franche-Comté,France,T,F,True,EU27,2023,PPS_HAB_EU27_2020,75,4.31748811353631,p,,75-99,5,False,-0.2855019913109583,0.08588629019413621,-0.02452070687673672,0.00027758688130882444,0.84342,0.9350960869565217,1.0,Low-High,Not significant,Not significant
FRD1,FR,Basse-Normandie,France,T,F,True,EU27,2023,PPS_HAB_EU27_2020,81,4.394449154672439,p,,75-99,4,False,-0.09401498915292406,0.025319944209001365,-0.0023804542801619056,0.00017367016598948828,0.95605,0.9790873493975903,1.0,Low-High,Not significant,Not significant
FRD2,FR,Haute-Normandie,France,T,F,True,EU27,2023,PPS_HAB_EU27_2020,84,4.430816798843313,p,,75-99,4,False,-0.0035285423088255467,0.2883641863097983,-0.0010175052317441759,7.961253069772685e-06,0.55897,0.756142105263158,1.0,Low-High,Not significant,Not significant
FRE1,FR,Nord-Pas de Calais,France,T,F,True,EU27,2023,PPS_HAB_EU27_2020,78,4.356708826689592,p,,75-99,3,False,-0.18791681479368774,0.052374413413771456,-0.009842032945403726,0.00029862474834605883,0.92524,0.9709308641975308,1.0,Low-High,Not significant,Not significant
FRE2,FR,Picardie,France,T,F,True,EU27,2023,PPS_HAB_EU27_2020,74,4.30406509320417,p,,50-74,5,False,-0.31889984930980475,0.2323027909463749,-0.07408132502704604,0.00020077336542079696,0.60053,0.7934463730569948,1.0,Low-High,Not significant,Not significant
FRF1,FR,Alsace,France,T,F,True,EU27,2023,PPS_HAB_EU27_2020,91,4.51085950651685,p,,75-99,5,False,0.19562596379909808,0.32662017580927405,0.0638953866889201,-0.0005608961507865031,0.4565,0.6970508982035928,1.0,High-High,Not significant,Not significant
FRF2,FR,Champagne-Ardenne,France,T,F,True,EU27,2023,PPS_HAB_EU27_2020,89,4.48863636973214,p,,75-99,8,False,0.14033250910264938,-0.0319411630933981,-0.004482383560553498,-0.00029409677704909015,0.93202,0.9740372950819672,1.0,High-Low,Not significant,Not significant
FRF3,FR,Lorraine,France,T,F,True,EU27,2023,PPS_HAB_EU27_2020,73,4.290459441148391,p,,50-74,7,False,-0.35275211385958116,0.4871061626523935,-0.17182772854966077,0.00017850714366953352,0.1927,0.4027745901639344,1.0,Low-High,Not significant,Not significant
FRG0,FR,Pays de la Loire,France,T,F,True,EU27,2023,PPS_HAB_EU27_2020,88,4.477336814478207,p,,75-99,4,False,0.11221805106838942,-0.03368781525197756,-0.0037803809723288857,-0.00028329263387257133,0.95002,0.9790873493975903,1.0,High-Low,Not significant,Not significant
FRH0,FR,Bretagne,France,T,F,True,EU27,2023,PPS_HAB_EU27_2020,85,4.442651256490317,p,,75-99,2,False,0.02591680800786937,0.009101530957732681,0.00023588263040923735,-7.103340387141583e-05,0.98589,0.9923616141732283,1.0,High-High,Not significant,Not significant
FRI1,FR,Aquitaine,France,T,F,True,EU27,2023,PPS_HAB_EU27_2020,88,4.477336814478207,p,,75-99,6,False,0.11221805106838942,0.28997859233683554,0.032540832483594684,-0.0002657346806289521,0.46809,0.7096393491124261,1.0,High-High,Not significant,Not significant
FRI2,FR,Limousin,France,T,F,True,EU27,2023,PPS_HAB_EU27_2020,76,4.330733340286331,p,,75-99,5,False,-0.2525465020683074,0.023936562918745366,-0.006045095236667098,0.00025865231640923486,0.95479,0.9790873493975903,1.0,Low-High,Not significant,Not significant
FRI3,FR,Poitou-Charentes,France,T,F,True,EU27,2023,PPS_HAB_EU27_2020,83,4.418840607796598,p,,75-99,4,False,-0.033326539931427784,-0.015359234965739092,0.0005118701574018857,6.887549523061302e-05,0.9785,0.9923616141732283,1.0,Low-Low,Not significant,Not significant
FRJ1,FR,Languedoc-Roussillon,France,T,F,True,EU27,2023,PPS_HAB_EU27_2020,78,4.356708826689592,p,,75-99,5,False,-0.18791681479368774,0.2872060625612278,-0.05397084846594254,0.0002637851258798904,0.51426,0.728535,1.0,Low-High,Not significant,Not significant
FRJ2,FR,Midi-Pyrénées,France,T,F,True,EU27,2023,PPS_HAB_EU27_2020,90,4.499809670330265,p,,75-99,6,False,0.16813283254111702,0.09752620127764022,0.016397356467784757,-0.00040642872735510547,0.80393,0.9070891592920354,1.0,High-High,Not significant,Not significant
FRK1,FR,Auvergne,France,T,F,True,EU27,2023,PPS_HAB_EU27_2020,81,4.394449154672439,p,,75-99,6,False,-0.09401498915292406,0.023428011279368124,-0.0022025842263043768,0.00014368438184563558,0.9509,0.9790873493975903,1.0,Low-High,Not significant,Not significant
FRK2,FR,Rhône-Alpes,France,T,F,True,EU27,2023,PPS_HAB_EU27_2020,102,4.624972813284271,p,,100-124,7,False,0.4795516318599425,0.1790381063875471,0.08585801608326221,-0.0019163444424047961,0.62559,0.80427,1.0,High-High,Not significant,Not significant
FRL0,FR,Provence-Alpes-Côte d’Azur,France,T,F,True,EU27,2023,PPS_HAB_EU27_2020,97,4.574710978503383,p,,75-99,4,False,0.35449500680557505,0.3245871327764472,0.11506451784258874,-0.0012312683696783595,0.50893,0.7250120111731844,1.0,High-High,Not significant,Not significant
FRM0,FR,Corse,France,T,F,True,EU27,2023,PPS_HAB_EU27_2020,86,4.454347296253507,p,,75-99,0,True,,,,,,,,No contiguity neighbor,No contiguity neighbor,No contiguity neighbor
FRY1,FR,Guadeloupe,France,T,F,True,EU27,2023,PPS_HAB_EU27_2020,66,4.189654742026425,p,,50-74,0,True,,,,,,,,No contiguity neighbor,No contiguity neighbor,No contiguity neighbor
FRY2,FR,Martinique,France,T,F,True,EU27,2023,PPS_HAB_EU27_2020,68,4.219507705176107,p,,50-74,0,True,,,,,,,,No contiguity neighbor,No contiguity neighbor,No contiguity neighbor
FRY3,FR,Guyane,France,T,F,True,EU27,2023,PPS_HAB_EU27_2020,42,3.7376696182833684,p,,<50,0,True,,,,,,,,No contiguity neighbor,No contiguity neighbor,No contiguity neighbor
FRY4,FR,La Réunion,France,T,F,True,EU27,2023,PPS_HAB_EU27_2020,64,4.1588830833596715,p,,50-74,0,True,,,,,,,,No contiguity neighbor,No contiguity neighbor,No contiguity neighbor
FRY5,FR,Mayotte,France,T,F,True,EU27,2023,PPS_HAB_EU27_2020,29,3.367295829986474,p,,<50,0,True,,,,,,,,No contiguity neighbor,No contiguity neighbor,No contiguity neighbor
HR02,HR,Panonska Hrvatska,Croatia,T,F,True,EU27,2023,PPS_HAB_EU27_2020,53,3.970291913552122,,,50-74,6,False,-1.1493619198433327,-0.8680111270714642,0.9976589354562331,-0.003251849265656723,0.0309,0.1542990566037736,1.0,Low-Low,Not significant,Not significant
HR03,HR,Jadranska Hrvatska,Croatia,T,F,True,EU27,2023,PPS_HAB_EU27_2020,73,4.290459441148391,,,50-74,4,False,-0.35275211385958116,-0.49665393063852836,0.17519572388941068,0.00032840873950360297,0.32042,0.5713783216783217,1.0,Low-Low,Not significant,Not significant
HR05,HR,Grad Zagreb,Croatia,T,F,True,EU27,2023,PPS_HAB_EU27_2020,131,4.875197323201151,,,125-149,1,False,1.1021360013423533,-0.6035645944777293,-0.6652102687095036,-0.005701657752198705,0.55135,0.7518409090909091,1.0,High-Low,Not significant,Not significant
HR06,HR,Sjeverna Hrvatska,Croatia,T,F,True,EU27,2023,PPS_HAB_EU27_2020,66,4.189654742026425,,,50-74,5,False,-0.6035645944777293,-0.4520935613434188,0.272867667018233,-0.00016407231460917297,0.30619,0.5530806338028168,1.0,Low-Low,Not significant,Not significant
HU11,HU,Budapest,Hungary,T,F,True,EU27,2023,PPS_HAB_EU27_2020,164,5.099866427824199,,,150+,1,False,1.6611358886450867,-0.641551638645763,-1.0657044513735412,-0.01182798912432162,0.52773,0.7359188524590163,1.0,High-Low,Not significant,Not significant
HU12,HU,Pest,Hungary,T,F,True,EU27,2023,PPS_HAB_EU27_2020,65,4.174387269895637,,,50-74,6,False,-0.641551638645763,-0.5464607308195575,0.3505827773128483,-0.0004568091966004289,0.17757,0.3873190677966102,1.0,Low-Low,Not significant,Not significant
HU21,HU,Közép-Dunántúl,Hungary,T,F,True,EU27,2023,PPS_HAB_EU27_2020,66,4.189654742026425,,,50-74,5,False,-0.6035645944777293,-0.8195718814667252,0.4946645702828136,-0.0003316080833417935,0.06584,0.22688108108108104,1.0,Low-Low,Not significant,Not significant
HU22,HU,Nyugat-Dunántúl,Hungary,T,F,True,EU27,2023,PPS_HAB_EU27_2020,67,4.204692619390966,,,50-74,7,False,-0.5661488057507725,-0.2582502975284043,0.14620809753048777,-9.509871010008495e-05,0.4901,0.7164067415730336,1.0,Low-Low,Not significant,Not significant
HU23,HU,Dél-Dunántúl,Hungary,T,F,True,EU27,2023,PPS_HAB_EU27_2020,50,3.912023005428146,,,50-74,5,False,-1.294340968605761,-0.8050987761994584,1.0420723298093197,-0.003961137737677924,0.06918,0.22910259740259742,1.0,Low-Low,Not significant,Not significant
HU31,HU,Észak-Magyarország,Hungary,T,F,True,EU27,2023,PPS_HAB_EU27_2020,48,3.871201010907891,,,<50,5,False,-1.395910298196414,-0.8763113114957854,1.2232519841429725,-0.004779677084059897,0.04771,0.18433409090909092,1.0,Low-Low,Not significant,Not significant
HU32,HU,Észak-Alföld,Hungary,T,F,True,EU27,2023,PPS_HAB_EU27_2020,49,3.8918202981106265,,,<50,5,False,-1.3446073865569588,-0.9472267795242469,1.2736481244928624,-0.00443372753720596,0.03207,0.1542990566037736,1.0,Low-Low,Not significant,Not significant
HU33,HU,Dél-Alföld,Hungary,T,F,True,EU27,2023,PPS_HAB_EU27_2020,54,3.9889840465642745,,,50-74,8,False,-1.1028539664477277,-0.9060269196345617,0.999215382027393,-0.0030768271854784727,0.00882,0.070284375,1.0,Low-Low,Not significant,Not significant
IE04,IE,Northern and Western,Ireland,T,F,True,EU27,2023,PPS_HAB_EU27_2020,104,4.6443908991413725,,,100-124,2,False,0.5278658307524287,2.605920979989229,1.3755766429771974,-0.0024621608976385947,0.0002,0.005666666666666667,0.0494,High-High,High-High,High-High
IE05,IE,Southern,Ireland,T,F,True,EU27,2023,PPS_HAB_EU27_2020,229,5.43372200355424,,,150+,2,False,2.491802969112622,1.6239524108091326,4.0465694389517965,-0.03169055332810304,0.01936,0.1148093023255814,1.0,High-High,Not significant,Not significant
IE06,IE,Eastern and Midland,Ireland,T,F,True,EU27,2023,PPS_HAB_EU27_2020,251,5.5254529391317835,,,150+,2,False,2.7200389908658362,1.5098343999325254,4.1068084375669915,-0.03558429161770393,0.02847,0.14816020408163263,1.0,High-High,Not significant,Not significant
ITC1,IT,Piemonte,Italy,T,F,True,EU27,2023,PPS_HAB_EU27_2020,101,4.61512051684126,,,100-124,6,False,0.45503810290563124,0.735358184889784,0.3346159934083757,-0.0015879551907678534,0.0678,0.22748684210526318,1.0,High-High,Not significant,Not significant
ITC2,IT,Valle d’Aosta/Vallée d’Aoste,Italy,T,F,True,EU27,2023,PPS_HAB_EU27_2020,128,4.852030263919617,,,125-149,2,False,1.0444939701906215,0.46729486738278686,0.488086671282347,-0.0067607206092139506,0.50005,0.7164067415730336,1.0,High-High,Not significant,Not significant
ITC3,IT,Liguria,Italy,T,F,True,EU27,2023,PPS_HAB_EU27_2020,105,4.653960350157523,,,100-124,4,False,0.5516756111339028,0.5388641864655395,0.29727822938654985,-0.0024171901302993053,0.27481,0.5186999999999999,1.0,High-High,Not significant,Not significant
ITC4,IT,Lombardia,Italy,T,F,True,EU27,2023,PPS_HAB_EU27_2020,133,4.890349128221754,,,125-149,5,False,1.1398352538192822,0.9361664724368607,1.0670755487271713,-0.00771299733123051,0.03347,0.1566163636363636,1.0,High-High,Not significant,Not significant
ITF1,IT,Abruzzo,Italy,T,F,True,EU27,2023,PPS_HAB_EU27_2020,84,4.430816798843313,,,75-99,3,False,-0.0035285423088255467,0.1905577313026774,-0.0006723910171753074,8.449196376163145e-06,0.73901,0.8805960280373831,1.0,Low-High,Not significant,Not significant
ITF2,IT,Molise,Italy,T,F,True,EU27,2023,PPS_HAB_EU27_2020,73,4.290459441148391,,,50-74,4,False,-0.35275211385958116,-0.15187284309573168,0.053573466439883845,0.000259892430153325,0.75982,0.8956375576036867,1.0,Low-Low,Not significant,Not significant
ITF3,IT,Campania,Italy,T,F,True,EU27,2023,PPS_HAB_EU27_2020,64,4.1588830833596715,,,50-74,4,False,-0.6801276526502987,-0.14052232064858547,0.09557311608769505,-0.00032849266861630257,0.77487,0.8991184090909091,1.0,Low-Low,Not significant,Not significant
ITF4,IT,Puglia,Italy,T,F,True,EU27,2023,PPS_HAB_EU27_2020,64,4.1588830833596715,,,50-74,3,False,-0.6801276526502987,-0.43946058594027937,0.29888929674788706,-0.00017530265049326362,0.44286,0.6970508982035928,1.0,Low-Low,Not significant,Not significant
ITF5,IT,Basilicata,Italy,T,F,True,EU27,2023,PPS_HAB_EU27_2020,75,4.31748811353631,,,75-99,3,False,-0.2855019913109583,-0.7761948176383404,0.22160516608099234,0.0003427227574153835,0.17657,0.3873190677966102,1.0,Low-Low,Not significant,Not significant
ITF6,IT,Calabria,Italy,T,F,True,EU27,2023,PPS_HAB_EU27_2020,57,4.04305126783455,,,50-74,1,False,-0.9683291476144239,-0.2855019913109583,0.27645989988836095,-0.0032576957081709612,0.785,0.9057692307692308,1.0,Low-Low,Not significant,Not significant
ITG1,IT,Sicilia,Italy,T,F,True,EU27,2023,PPS_HAB_EU27_2020,60,4.0943445622221,,,50-74,0,True,,,,,,,,No contiguity neighbor,No contiguity neighbor,No contiguity neighbor
ITG2,IT,Sardegna,Italy,T,F,True,EU27,2023,PPS_HAB_EU27_2020,72,4.276666119016055,,,50-74,0,True,,,,,,,,No contiguity neighbor,No contiguity neighbor,No contiguity neighbor
ITH1,IT,Provincia Autonoma di Bolzano/Bozen,Italy,T,F,True,EU27,2023,PPS_HAB_EU27_2020,166,5.111987788356544,,,150+,5,False,1.6912950829094924,1.0531167956856935,1.781131258272614,-0.014138811617444104,0.01639,0.10448624999999997,1.0,High-High,Not significant,Not significant
ITH2,IT,Provincia Autonoma di Trento,Italy,T,F,True,EU27,2023,PPS_HAB_EU27_2020,127,4.844187086458591,,,125-149,3,False,1.0249793363286812,1.1661841804132973,1.1953146872770286,-0.0065827765490975845,0.04209,0.16770234375,1.0,High-High,Not significant,Not significant
ITH3,IT,Veneto,Italy,T,F,True,EU27,2023,PPS_HAB_EU27_2020,110,4.700480365792417,,,100-124,7,False,0.6674222045111178,1.0000393831060919,0.6674484896706061,-0.0032154068280627044,0.00679,0.0597051724137931,1.0,High-High,Not significant,Not significant
ITH4,IT,Friuli-Venezia Giulia,Italy,T,F,True,EU27,2023,PPS_HAB_EU27_2020,102,4.624972813284271,,,100-124,3,False,0.4795516318599425,0.7192330262845505,0.34490937144232114,-0.002102641265596352,0.20681,0.412721484375,1.0,High-High,Not significant,Not significant
ITH5,IT,Emilia-Romagna,Italy,T,F,True,EU27,2023,PPS_HAB_EU27_2020,118,4.770684624465665,,,100-124,6,False,0.84209763552938,0.5809883342554372,0.4892489025466567,-0.004271901313851108,0.14861,0.3565277777777777,1.0,High-High,Not significant,Not significant
ITI1,IT,Toscana,Italy,T,F,True,EU27,2023,PPS_HAB_EU27_2020,103,4.634728988229636,,,100-124,5,False,0.5038260006215716,0.46882307248775323,0.23620525361062186,-0.0019916913508463835,0.28583,0.5259237410071942,1.0,High-High,Not significant,Not significant
ITI2,IT,Umbria,Italy,T,F,True,EU27,2023,PPS_HAB_EU27_2020,85,4.442651256490317,,,75-99,3,False,0.02591680800786937,0.47608376946306163,0.01233857164883691,-6.475568447598991e-05,0.40399,0.6603682692307693,1.0,High-High,Not significant,Not significant
ITI3,IT,Marche,Italy,T,F,True,EU27,2023,PPS_HAB_EU27_2020,90,4.499809670330265,,,75-99,5,False,0.16813283254111702,0.4249208754152984,0.07144315038942521,-0.0004439862611031905,0.33424,0.5809316326530612,1.0,High-High,Not significant,Not significant
ITI4,IT,Lazio,Italy,T,F,True,EU27,2023,PPS_HAB_EU27_2020,114,4.736198448394496,,,100-124,6,False,0.7562924752264963,-0.05642211127469125,-0.042671618193441056,-0.003632717275545987,0.89813,0.9582558577405857,1.0,High-Low,Not significant,Not significant
LT01,LT,Sostinės regionas,Lithuania,T,F,True,EU27,2023,PPS_HAB_EU27_2020,131,4.875197323201151,,,125-149,1,False,1.1021360013423533,-0.5661488057507725,-0.6239729809349052,-0.0061209901283795515,0.56315,0.756142105263158,1.0,High-Low,Not significant,Not significant
LT02,LT,Vidurio ir vakarų Lietuvos regionas,Lithuania,T,F,True,EU27,2023,PPS_HAB_EU27_2020,67,4.204692619390966,,,50-74,4,False,-0.5661488057507725,-0.3351013296444533,0.1897172175837032,5.705580470004211e-06,0.50008,0.7164067415730336,1.0,Low-Low,Not significant,Not significant
LU00,LU,Luxembourg,Luxembourg,T,F,True,EU27,2023,PPS_HAB_EU27_2020,248,5.5134287461649825,,,150+,5,False,2.690121559518854,-0.019818822077060802,-0.0533150405537695,-0.034709544852885986,0.98724,0.9923616141732283,1.0,High-Low,Not significant,Not significant
LV00,LV,Latvija,Latvia,T,F,True,EU27,2023,PPS_HAB_EU27_2020,70,4.248495242049359,,,50-74,2,False,-0.4571633661608987,-0.3455361524791714,0.15796647059766356,0.0004281222076801731,0.62339,0.80427,1.0,Low-Low,Not significant,Not significant
ME00,ME,Crna Gora,Montenegro,F,T,False,candidate country,2023,PPS_HAB_EU27_2020,52,3.9512437185814275,,,50-74,2,False,-1.1967557920884904,-1.4590399407270933,1.7461144999535967,-0.0025430294464568763,0.03877,0.16207131147540985,1.0,Low-Low,Not significant,Not significant
MK00,MK,Severna Makedonija,North Macedonia,F,T,False,candidate country,2023,PPS_HAB_EU27_2020,41,3.713572066704308,e,,<50,4,False,-1.7881073570367538,-1.019571818257938,1.823103869254359,-0.00861188005021917,0.03852,0.16207131147540985,1.0,Low-Low,Not significant,Not significant
MT00,MT,Malta,Malta,T,F,True,EU27,2023,PPS_HAB_EU27_2020,109,4.6913478822291435,,,100-124,0,True,,,,,,,,No contiguity neighbor,No contiguity neighbor,No contiguity neighbor
NL11,NL,Groningen,Netherlands,T,F,True,EU27,2023,PPS_HAB_EU27_2020,120,4.787491742782046,,,100-124,3,False,0.8839154780872335,0.3845627729246362,0.33992098728423203,-0.005263420942951626,0.49531,0.7164067415730336,1.0,High-High,Not significant,Not significant
NL12,NL,Friesland (NL),Netherlands,T,F,True,EU27,2023,PPS_HAB_EU27_2020,96,4.564348191467836,,,75-99,5,False,0.32871132464450503,0.8258704512565508,0.2714729700172959,-0.0010867265294301277,0.06274,0.21916027397260276,1.0,High-High,Not significant,Not significant
NL13,NL,Drenthe,Netherlands,T,F,True,EU27,2023,PPS_HAB_EU27_2020,93,4.532599493153256,,,75-99,4,False,0.24971729113181718,0.625035152241654,0.15608208507994878,-0.0007729758403163049,0.20717,0.412721484375,1.0,High-High,Not significant,Not significant
NL21,NL,Overijssel,Netherlands,T,F,True,EU27,2023,PPS_HAB_EU27_2020,112,4.718498871295094,,,100-124,6,False,0.7122541032372909,0.44657192178536215,0.3180726836821867,-0.003165535034026977,0.2653,0.5125113636363636,1.0,High-High,Not significant,Not significant
NL22,NL,Gelderland,Netherlands,T,F,True,EU27,2023,PPS_HAB_EU27_2020,110,4.700480365792417,,,100-124,8,False,0.6674222045111178,0.8490322399337329,0.5666629692775843,-0.0027744000944221457,0.01419,0.09522236842105262,1.0,High-High,Not significant,Not significant
NL23,NL,Flevoland,Netherlands,T,F,True,EU27,2023,PPS_HAB_EU27_2020,103,4.634728988229636,,,100-124,5,False,0.5038260006215716,1.008126059972892,0.5079201209185248,-0.002042690683613606,0.02274,0.12886,1.0,High-High,Not significant,Not significant
NL32,NL,Noord-Holland,Netherlands,T,F,True,EU27,2023,PPS_HAB_EU27_2020,172,5.147494476813453,,,150+,4,False,1.7796393832048403,0.8476127611296902,1.5084450514133936,-0.016115528373367417,0.08316,0.26097073170731705,1.0,High-High,Not significant,Not significant
NL34,NL,Zeeland,Netherlands,T,F,True,EU27,2023,PPS_HAB_EU27_2020,112,4.718498871295094,,,100-124,5,False,0.7122541032372909,1.0005548079879292,0.7126492675032022,-0.003487796812175406,0.02355,0.13054891304347827,1.0,High-High,Not significant,Not significant
NL35,NL,Utrecht,Netherlands,T,F,True,EU27,2023,PPS_HAB_EU27_2020,157,5.056245805348308,,,150+,4,False,1.5526032842667061,0.989049505830877,1.5356015110553825,-0.013201162539899286,0.04437,0.17406692307692306,1.0,High-High,Not significant,Not significant
NL36,NL,Zuid-Holland,Netherlands,T,F,True,EU27,2023,PPS_HAB_EU27_2020,126,4.836281906951478,,,125-149,5,False,1.0053104349859783,1.1777781570111752,1.1840326713418883,-0.006165957174887051,0.0071,0.06035,1.0,High-High,Not significant,Not significant
NL41,NL,Noord-Brabant,Netherlands,T,F,True,EU27,2023,PPS_HAB_EU27_2020,135,4.90527477843843,,,125-149,6,False,1.1769718098359208,0.7709759947077253,0.9074170118312007,-0.007670723285276639,0.05372,0.20145,1.0,High-High,Not significant,Not significant
NL42,NL,Limburg (NL),Netherlands,T,F,True,EU27,2023,PPS_HAB_EU27_2020,109,4.6913478822291435,,,100-124,6,False,0.6446996441874406,0.6638167884325539,0.42796244730811706,-0.0027322463767002056,0.09846,0.27897000000000005,1.0,High-High,Not significant,Not significant
PL21,PL,Małopolskie,Poland,T,F,True,EU27,2023,PPS_HAB_EU27_2020,69,4.23410650459726,,,50-74,5,False,-0.49296402788360183,-0.8168365752156207,0.4026710482409391,6.765601448610623e-05,0.06701,0.22748684210526318,1.0,Low-Low,Not significant,Not significant
PL22,PL,Śląskie,Poland,T,F,True,EU27,2023,PPS_HAB_EU27_2020,79,4.3694478524670215,,,75-99,6,False,-0.1562208057412737,-0.6383183132710613,0.09971860121861595,0.00018990701958640515,0.11574,0.290225,1.0,Low-Low,Not significant,Not significant
PL41,PL,Wielkopolskie,Poland,T,F,True,EU27,2023,PPS_HAB_EU27_2020,81,4.394449154672439,,,75-99,7,False,-0.09401498915292406,-0.5437320085772552,0.05111895888848826,0.0001692532378794173,0.14792,0.3565277777777777,1.0,Low-Low,Not significant,Not significant
PL42,PL,Zachodniopomorskie,Poland,T,F,True,EU27,2023,PPS_HAB_EU27_2020,63,4.143134726391533,,,50-74,5,False,-0.719311187854942,-0.21575641699660963,0.15519600459715746,-0.0006365782048491107,0.62601,0.80427,1.0,Low-Low,Not significant,Not significant
PL43,PL,Lubuskie,Poland,T,F,True,EU27,2023,PPS_HAB_EU27_2020,61,4.110873864173311,,,50-74,5,False,-0.7995795379448755,-0.10866246841694324,0.0868842862887691,-0.0008227373203321635,0.80274,0.9070891592920354,1.0,Low-Low,Not significant,Not significant
PL51,PL,Dolnośląskie,Poland,T,F,True,EU27,2023,PPS_HAB_EU27_2020,82,4.406719247264253,,,75-99,6,False,-0.0634857341958336,-0.34013310345809633,0.021593599797344674,9.072737477989303e-05,0.40155,0.6603682692307693,1.0,Low-Low,Not significant,Not significant
PL52,PL,Opolskie,Poland,T,F,True,EU27,2023,PPS_HAB_EU27_2020,62,4.127134385045092,,,50-74,6,False,-0.7591216861629866,-0.2404228097367193,0.18251016871938128,-0.0008934604409012898,0.54966,0.7518409090909091,1.0,Low-Low,Not significant,Not significant
PL61,PL,Kujawsko-pomorskie,Poland,T,F,True,EU27,2023,PPS_HAB_EU27_2020,62,4.127134385045092,,,50-74,5,False,-0.7591216861629866,-0.4719073098961426,0.3582350728009988,-0.0007284268163447478,0.28524,0.5259237410071942,1.0,Low-Low,Not significant,Not significant
PL62,PL,Warmińsko-mazurskie,Poland,T,F,True,EU27,2023,PPS_HAB_EU27_2020,54,3.9889840465642745,,,50-74,5,False,-1.1028539664477277,-0.6035419918491559,0.6656186796286038,-0.0026592930284978183,0.17012,0.3873190677966102,1.0,Low-Low,Not significant,Not significant
PL63,PL,Pomorskie,Poland,T,F,True,EU27,2023,PPS_HAB_EU27_2020,73,4.290459441148391,,,50-74,4,False,-0.35275211385958116,-0.668825457404645,0.2359295939025898,0.0002871353181109507,0.17923,0.3873190677966102,1.0,Low-Low,Not significant,Not significant
PL71,PL,Łódzkie,Poland,T,F,True,EU27,2023,PPS_HAB_EU27_2020,73,4.290459441148391,,,50-74,6,False,-0.35275211385958116,-0.5323286134992489,0.1877800436798,0.0001884444355611716,0.19096,0.40243636363636365,1.0,Low-Low,Not significant,Not significant
PL72,PL,Świętokrzyskie,Poland,T,F,True,EU27,2023,PPS_HAB_EU27_2020,57,4.04305126783455,,,50-74,6,False,-0.9683291476144239,-0.6109436086364151,0.59159450379138,-0.002113895157273736,0.13035,0.3196081730769231,1.0,Low-Low,Not significant,Not significant
PL81,PL,Lubelskie,Poland,T,F,True,EU27,2023,PPS_HAB_EU27_2020,53,3.970291913552122,,,50-74,4,False,-1.1493619198433327,-0.8413039798541663,0.966962757457021,-0.0028772170609138365,0.08887,0.26661,1.0,Low-Low,Not significant,Not significant
PL82,PL,Podkarpackie,Poland,T,F,True,EU27,2023,PPS_HAB_EU27_2020,55,4.007333185232471,,,50-74,4,False,-1.0571994183298024,-0.9283772654472715,0.981479905021468,-0.002017550206268277,0.06095,0.21890492957746477,1.0,Low-Low,Not significant,Not significant
PL84,PL,Podlaskie,Poland,T,F,True,EU27,2023,PPS_HAB_EU27_2020,59,4.07753744390572,,,50-74,4,False,-0.8825239873115402,-0.8188820145506829,0.7226830206189754,-0.0012042982053342521,0.0984,0.27897000000000005,1.0,Low-Low,Not significant,Not significant
PL91,PL,Warszawski stołeczny,Poland,T,F,True,EU27,2023,PPS_HAB_EU27_2020,155,5.043425116919247,,,150+,1,False,1.520704090120662,-0.4571633661608987,-0.6952102007742086,-0.010355457157415092,0.66249,0.8220362318840579,1.0,High-Low,Not significant,Not significant
PL92,PL,Mazowiecki regionalny,Poland,T,F,True,EU27,2023,PPS_HAB_EU27_2020,70,4.248495242049359,,,50-74,7,False,-0.4571633661608987,-0.5277483901598471,0.241267230531471,0.00015784552647565324,0.15912,0.3714654545454545,1.0,Low-Low,Not significant,Not significant
PT11,PT,Norte,Portugal,T,F,True,EU27,2023,PPS_HAB_EU27_2020,69,4.23410650459726,,,50-74,3,False,-0.49296402788360183,-0.13522471603526806,0.06666092068616203,0.0002964169741196385,0.81584,0.9164722466960352,1.0,Low-Low,Not significant,Not significant
PT15,PT,Algarve,Portugal,T,F,True,EU27,2023,PPS_HAB_EU27_2020,87,4.465908118654584,,,75-99,2,False,0.08378227798716627,-0.3746545806599001,-0.031389414226012956,-0.0002632876657349678,0.59722,0.7931828125,1.0,High-Low,Not significant,Not significant
PT19,PT,Centro (PT),Portugal,T,F,True,EU27,2023,PPS_HAB_EU27_2020,70,4.248495242049359,,,50-74,5,False,-0.4571633661608987,-0.3590518204431641,0.16414533885999547,0.00011125643376715562,0.41836,0.6752012658227848,1.0,Low-Low,Not significant,Not significant
PT1A,PT,Grande Lisboa,Portugal,T,F,True,EU27,2023,PPS_HAB_EU27_2020,127,4.844187086458591,,,125-149,1,False,1.0249793363286812,-0.6801276526502987,-0.697116790032287,-0.004646965077643569,0.48817,0.7164067415730336,1.0,High-Low,Not significant,Not significant
PT1B,PT,Península de Setúbal,Portugal,T,F,True,EU27,2023,PPS_HAB_EU27_2020,54,3.9889840465642745,,,50-74,2,False,-1.1028539664477277,-0.45007473426761996,0.4963667058849517,-0.002061426648180147,0.52137,0.7345267955801106,1.0,Low-Low,Not significant,Not significant
PT1C,PT,Alentejo,Portugal,T,F,True,EU27,2023,PPS_HAB_EU27_2020,77,4.343805421853684,,,75-99,6,False,-0.22002181588494119,-0.5238022364779193,0.11524791923446519,0.00019851682402083495,0.19829,0.40451159999999997,1.0,Low-Low,Not significant,Not significant
PT1D,PT,Oeste e Vale do Tejo,Portugal,T,F,True,EU27,2023,PPS_HAB_EU27_2020,64,4.1588830833596715,,,50-74,4,False,-0.6801276526502987,-0.1887649530412216,0.1283842644145699,-0.000333584245077479,0.70248,0.8449641509433962,1.0,Low-Low,Not significant,Not significant
PT20,PT,Região Autónoma dos Açores,Portugal,T,F,True,EU27,2023,PPS_HAB_EU27_2020,71,4.2626798770413155,,,50-74,0,True,,,,,,,,No contiguity neighbor,No contiguity neighbor,No contiguity neighbor
PT30,PT,Região Autónoma da Madeira,Portugal,T,F,True,EU27,2023,PPS_HAB_EU27_2020,86,4.454347296253507,,,75-99,0,True,,,,,,,,No contiguity neighbor,No contiguity neighbor,No contiguity neighbor
RO11,RO,Nord-Vest,Romania,T,F,True,EU27,2023,PPS_HAB_EU27_2020,69,4.23410650459726,,,50-74,5,False,-0.49296402788360183,-0.9145879770303951,0.4508589730108187,0.00013630992284377773,0.03978,0.16361129032258065,1.0,Low-Low,Not significant,Not significant
RO12,RO,Centru,Romania,T,F,True,EU27,2023,PPS_HAB_EU27_2020,70,4.248495242049359,,,50-74,6,False,-0.4571633661608987,-0.8524977158739473,0.38973072543341114,-2.4980881500407016e-05,0.03538,0.16047413793103446,1.0,Low-Low,Not significant,Not significant
RO21,RO,Nord-Est,Romania,T,F,True,EU27,2023,PPS_HAB_EU27_2020,47,3.8501476017100584,,,<50,3,False,-1.448293350101449,-0.6394855138863081,0.926162617247748,-0.004897014458649775,0.2603,0.5066908396946564,1.0,Low-Low,Not significant,Not significant
RO22,RO,Sud-Est,Romania,T,F,True,EU27,2023,PPS_HAB_EU27_2020,57,4.04305126783455,,,50-74,5,False,-0.9683291476144239,-1.1944511027585671,1.156621818201312,-0.0015665673471781105,0.0067,0.0597051724137931,1.0,Low-Low,Not significant,Not significant
RO31,RO,Sud-Muntenia,Romania,T,F,True,EU27,2023,PPS_HAB_EU27_2020,54,3.9889840465642745,,,50-74,6,False,-1.1028539664477277,-0.6332052555951977,0.698332927708711,-0.0028415883626816203,0.11556,0.290225,1.0,Low-Low,Not significant,Not significant
RO32,RO,Bucureşti-Ilfov,Romania,T,F,True,EU27,2023,PPS_HAB_EU27_2020,181,5.198497031265826,,,150+,1,False,1.9065389951424199,-1.1028539664477277,-2.102634092980083,-0.015401573124508898,0.2749,0.5186999999999999,1.0,High-Low,Not significant,Not significant
RO41,RO,Sud-Vest Oltenia,Romania,T,F,True,EU27,2023,PPS_HAB_EU27_2020,59,4.07753744390572,,,50-74,5,False,-0.8825239873115402,-1.1379948605290264,1.0043077618541165,-0.0012511160180506806,0.00985,0.07611363636363636,1.0,Low-Low,Not significant,Not significant
RO42,RO,Vest,Romania,T,F,True,EU27,2023,PPS_HAB_EU27_2020,77,4.343805421853684,,,75-99,6,False,-0.22002181588494119,-1.1031822236639988,0.24272415610254033,0.00022096945363613444,0.00623,0.0597051724137931,1.0,Low-Low,Not significant,Not significant
RS11,RS,City of Belgrade,Serbia,F,T,False,candidate country,2023,PPS_HAB_EU27_2020,82,4.406719247264253,p,,75-99,3,False,-0.0634857341958336,-2.08297192059161,0.132239001688064,0.00013409062925133172,0.00031,0.0074181818181818186,0.07626,Low-Low,Low-Low,Not significant
RS12,RS,Autonomous Province of Vojvodina,Serbia,F,T,False,candidate country,2023,PPS_HAB_EU27_2020,46,3.828641396489095,p,,<50,6,False,-1.5018030051784055,-1.2138060321613766,1.8228975468036317,-0.006420650773116872,0.00234,0.03315,0.55692,Low-Low,Low-Low,Not significant
RS21,RS,Region Šumadije i Zapadne Srbije,Serbia,F,T,False,candidate country,2023,PPS_HAB_EU27_2020,30,3.4011973816621555,p,,<50,4,False,-2.5653277675946056,-1.2359573801161374,3.1706357867754082,-0.021576281777711055,0.01106,0.08295,1.0,Low-Low,Not significant,Not significant
RS22,RS,Region Južne i Istočne Srbije,Serbia,F,T,False,candidate country,2023,PPS_HAB_EU27_2020,35,3.5553480614894135,p,,<50,8,False,-2.18178498900182,-1.0367977161807742,2.2620696937945826,-0.0152736425517232,0.0023,0.03315,0.5497,Low-Low,Low-Low,Not significant
SE11,SE,Stockholm,Sweden,T,F,True,EU27,2023,PPS_HAB_EU27_2020,151,5.017279836814924,,,150+,1,False,1.4556519386184061,0.32871132464450503,0.47848927696459803,-0.009071256403501862,0.74919,0.8885741860465116,1.0,High-High,Not significant,Not significant
SE12,SE,Östra Mellansverige,Sweden,T,F,True,EU27,2023,PPS_HAB_EU27_2020,96,4.564348191467836,,,75-99,4,False,0.32871132464450503,0.6129121506279537,0.20147116492362704,-0.001155554130640593,0.21565,0.4257126923076923,1.0,High-High,Not significant,Not significant
SE21,SE,Småland med öarna,Sweden,T,F,True,EU27,2023,PPS_HAB_EU27_2020,95,4.553876891600541,,,75-99,3,False,0.30265765137442097,0.4241539339650313,0.12837343347507763,-0.001070134410637299,0.45643,0.6970508982035928,1.0,High-High,Not significant,Not significant
SE22,SE,Sydsverige,Sweden,T,F,True,EU27,2023,PPS_HAB_EU27_2020,94,4.543294782270004,,,75-99,2,False,0.27632827273947125,0.4850399279427694,0.13403024549810305,-0.0010236915947480548,0.49048,0.7164067415730336,1.0,High-High,Not significant,Not significant
SE23,SE,Västsverige,Sweden,T,F,True,EU27,2023,PPS_HAB_EU27_2020,110,4.700480365792417,,,100-124,4,False,0.6674222045111178,0.23340351419156669,0.1557786879823774,-0.0033300371897317252,0.6308,0.80427,1.0,High-High,Not significant,Not significant
SE31,SE,Norra Mellansverige,Sweden,T,F,True,EU27,2023,PPS_HAB_EU27_2020,85,4.442651256490317,,,75-99,3,False,0.02591680800786937,0.4329303935100145,0.011220173889370381,-6.620636706759508e-05,0.44815,0.6970508982035928,1.0,High-High,Not significant,Not significant
SE32,SE,Mellersta Norrland,Sweden,T,F,True,EU27,2023,PPS_HAB_EU27_2020,95,4.553876891600541,,,75-99,2,False,0.30265765137442097,0.335308226097655,0.10148360019723958,-0.001288334486668395,0.6291,0.80427,1.0,High-High,Not significant,Not significant
SE33,SE,Övre Norrland,Sweden,T,F,True,EU27,2023,PPS_HAB_EU27_2020,109,4.6913478822291435,,,100-124,2,False,0.6446996441874406,0.20743785122140518,0.13373510887344717,-0.003320561256767716,0.76217,0.8956375576036867,1.0,High-High,Not significant,Not significant
SI03,SI,Vzhodna Slovenija,Slovenia,T,F,True,EU27,2023,PPS_HAB_EU27_2020,73,4.290459441148391,,,50-74,8,False,-0.35275211385958116,-0.05097864420208985,0.017982824503982676,-2.0826742477757648e-05,0.8845,0.9541285714285713,1.0,Low-Low,Not significant,Not significant
SI04,SI,Zahodna Slovenija,Slovenia,T,F,True,EU27,2023,PPS_HAB_EU27_2020,112,4.718498871295094,,,100-124,4,False,0.7122541032372909,0.13801754381150577,0.09830356189847755,-0.003633369082381563,0.77145,0.8991184090909091,1.0,High-High,Not significant,Not significant
SK01,SK,Bratislavský kraj,Slovakia,T,F,True,EU27,2023,PPS_HAB_EU27_2020,151,5.017279836814924,,,150+,4,False,1.4556519386184061,-0.13626247535301192,-0.19835073640855458,-0.011590752023972974,0.79437,0.9070891592920354,1.0,High-Low,Not significant,Not significant
SK02,SK,Západné Slovensko,Slovakia,T,F,True,EU27,2023,PPS_HAB_EU27_2020,69,4.23410650459726,,,50-74,9,False,-0.49296402788360183,-0.26820059149599146,0.13221324386462843,-0.0002638625093917003,0.41439,0.673053821656051,1.0,Low-Low,Not significant,Not significant
SK03,SK,Stredné Slovensko,Slovakia,T,F,True,EU27,2023,PPS_HAB_EU27_2020,61,4.110873864173311,,,50-74,7,False,-0.7995795379448755,-0.6309966202319032,0.5045319860498032,-0.0009119751779022481,0.09101,0.26985523255813954,1.0,Low-Low,Not significant,Not significant
SK04,SK,Východné Slovensko,Slovakia,T,F,True,EU27,2023,PPS_HAB_EU27_2020,54,3.9889840465642745,,,50-74,5,False,-1.1028539664477277,-1.0180521337823305,1.1227628337924158,-0.00260398164158359,0.02137,0.12384886363636363,1.0,Low-Low,Not significant,Not significant
TR10,TR,İstanbul,Türkiye,F,T,False,candidate country,2023,PPS_HAB_EU27_2020,108,4.68213122712422,,,100-124,2,False,0.6217676563931923,-0.007944148319312158,-0.004939414482538638,-0.0032536664364278866,0.99623,0.99623,1.0,High-Low,Not significant,Not significant
TR21,TR,"Tekirdağ, Edirne, Kırklareli",Türkiye,F,T,False,candidate country,2023,PPS_HAB_EU27_2020,79,4.3694478524670215,,,75-99,5,False,-0.1562208057412737,-0.9201816853437527,0.14375152431276422,0.00019251800114130087,0.03871,0.16207131147540985,1.0,Low-Low,Not significant,Not significant
TR22,TR,"Balıkesir, Çanakkale",Türkiye,F,T,False,candidate country,2023,PPS_HAB_EU27_2020,63,4.143134726391533,,,50-74,4,False,-0.719311187854942,-0.46144337684768516,0.331921383528104,-0.0005896883380531626,0.35336,0.6088297297297298,1.0,Low-Low,Not significant,Not significant
TR31,TR,İzmir,Türkiye,F,T,False,candidate country,2023,PPS_HAB_EU27_2020,77,4.343805421853684,,,75-99,3,False,-0.22002181588494119,-0.8855784689220687,0.1948465828408395,0.00038970949767750036,0.12419,0.30746067961165047,1.0,Low-Low,Not significant,Not significant
TR32,TR,"Aydın, Denizli, Muğla",Türkiye,F,T,False,candidate country,2023,PPS_HAB_EU27_2020,58,4.060443010546419,,,50-74,3,False,-0.9250566993076375,-0.5631842338831556,0.5209773484980524,-0.0011524672812986624,0.32453,0.5746885416666667,1.0,Low-Low,Not significant,Not significant
TR33,TR,"Manisa, Afyonkarahisar, Kütahya, Uşak",Türkiye,F,T,False,candidate country,2023,PPS_HAB_EU27_2020,56,4.02535169073515,,,50-74,6,False,-1.012367519603627,-0.6469284003028409,0.6549292999757294,-0.002151178555790523,0.10819,0.290225,1.0,Low-Low,Not significant,Not significant
TR41,TR,"Bursa, Eskişehir, Bilecik",Türkiye,F,T,False,candidate country,2023,PPS_HAB_EU27_2020,70,4.248495242049359,,,50-74,5,False,-0.4571633661608987,-0.43326686681024373,0.1980737392769568,0.00012396809509758705,0.32812,0.5770386206896552,1.0,Low-Low,Not significant,Not significant
TR42,TR,"Kocaeli, Sakarya, Düzce, Bolu, Yalova",Türkiye,F,T,False,candidate country,2023,PPS_HAB_EU27_2020,89,4.48863636973214,,,75-99,5,False,0.14033250910264938,-0.37944145131064266,-0.053247970919973256,-0.00033860929875866616,0.39529,0.6588166666666666,1.0,High-Low,Not significant,Not significant
TR51,TR,Ankara,Türkiye,F,T,False,candidate country,2023,PPS_HAB_EU27_2020,104,4.6443908991413725,,,100-124,5,False,0.5278658307524287,-0.7723021213150887,-0.4076719008598522,-0.0021551718762231474,0.08392,0.26097073170731705,1.0,High-Low,Not significant,Not significant
TR52,TR,"Konya, Karaman",Türkiye,F,T,False,candidate country,2023,PPS_HAB_EU27_2020,54,3.9889840465642745,,,50-74,6,False,-1.1028539664477277,-0.6320566675583295,0.6970662028364365,-0.0029668232859793205,0.11609,0.290225,1.0,Low-Low,Not significant,Not significant
TR61,TR,"Antalya, Isparta, Burdur",Türkiye,F,T,False,candidate country,2023,PPS_HAB_EU27_2020,70,4.248495242049359,,,50-74,4,False,-0.4571633661608987,-1.0592584943618706,0.48425417891699807,0.0002068792916185063,0.03378,0.1566163636363636,1.0,Low-Low,Not significant,Not significant
TR62,TR,"Adana, Mersin",Türkiye,F,T,False,candidate country,2023,PPS_HAB_EU27_2020,52,3.9512437185814275,,,50-74,5,False,-1.1967557920884904,-1.1801318430702734,1.412329618622415,-0.0032234209262561597,0.00748,0.06152903225806452,1.0,Low-Low,Not significant,Not significant
TR63,TR,"Hatay, Kahramanmaraş, Osmaniye",Türkiye,F,T,False,candidate country,2023,PPS_HAB_EU27_2020,40,3.6888794541139363,,,<50,4,False,-1.8495451220484893,-1.5321873099448737,2.833849565173138,-0.00954254737682813,0.00181,0.029484375,0.43802,Low-Low,Low-Low,Not significant
TR71,TR,"Kırıkkale, Aksaray, Niğde, Nevşehir, Kırşehir",Türkiye,F,T,False,candidate country,2023,PPS_HAB_EU27_2020,52,3.9512437185814275,,,50-74,6,False,-1.1967557920884904,-0.9967931249745876,1.1929179458273242,-0.003577055844243867,0.01314,0.09522236842105262,1.0,Low-Low,Not significant,Not significant
TR72,TR,"Kayseri, Sivas, Yozgat",Türkiye,F,T,False,candidate country,2023,PPS_HAB_EU27_2020,50,3.912023005428146,,,50-74,7,False,-1.294340968605761,-1.5858969792212156,2.0526914321941385,-0.0038606450751130818,2e-05,0.00102,0.00506,Low-Low,Low-Low,Low-Low
TR81,TR,"Zonguldak, Karabük, Bartın",Türkiye,F,T,False,candidate country,2023,PPS_HAB_EU27_2020,49,3.8918202981106265,,,<50,2,False,-1.3446073865569588,-0.5523687409391635,0.7427190891699665,-0.002997512085023213,0.42783,0.6861424528301887,1.0,Low-Low,Not significant,Not significant
TR82,TR,"Kastamonu, Çankırı, Sinop",Türkiye,F,T,False,candidate country,2023,PPS_HAB_EU27_2020,51,3.9318256327243257,,,50-74,5,False,-1.2450699909809766,-0.7085537402534741,0.8821989989869302,-0.0034991584939886274,0.10838,0.290225,1.0,Low-Low,Not significant,Not significant
TR83,TR,"Samsun, Tokat, Çorum, Amasya",Türkiye,F,T,False,candidate country,2023,PPS_HAB_EU27_2020,43,3.7612001156935624,,,<50,4,False,-1.669603862476999,-1.3810685271779954,2.3058373473218015,-0.007781218684325742,0.00481,0.051743750000000005,1.0,Low-Low,Not significant,Not significant
TR90,TR,"Trabzon, Ordu, Giresun, Rize, Artvin, Gümüşhane",Türkiye,F,T,False,candidate country,2023,PPS_HAB_EU27_2020,41,3.713572066704308,,,<50,4,False,-1.7881073570367538,-1.7452744195866274,3.120738029710899,-0.0081694660685808,0.00049,0.0104125,0.11956,Low-Low,Low-Low,Not significant
TRA1,TR,"Erzurum, Erzincan, Bayburt",Türkiye,F,T,False,candidate country,2023,PPS_HAB_EU27_2020,44,3.784189633918261,,,<50,5,False,-1.6124035717725318,-2.002458820123007,3.2287717538937466,-0.007019418315643084,2e-05,0.00102,0.00506,Low-Low,Low-Low,Low-Low
TRA2,TR,"Ağrı, Kars, Iğdır, Ardahan",Türkiye,F,T,False,candidate country,2023,PPS_HAB_EU27_2020,32,3.4657359027997265,,,<50,3,False,-2.4047492754912176,-2.0458333570846112,4.919716283224984,-0.017090485476757202,0.00032,0.0074181818181818186,0.07840000000000001,Low-Low,Low-Low,Not significant
TRB1,TR,"Malatya, Elazığ, Bingöl, Tunceli",Türkiye,F,T,False,candidate country,2023,PPS_HAB_EU27_2020,41,3.713572066704308,,,<50,6,False,-1.7881073570367538,-2.0440335569748713,3.654951441256772,-0.009117675334753887,1e-05,0.00102,0.00255,Low-Low,Low-Low,Low-Low
TRB2,TR,"Van, Muş, Bitlis, Hakkari",Türkiye,F,T,False,candidate country,2023,PPS_HAB_EU27_2020,28,3.332204510175204,,,<50,5,False,-2.7369891424445485,-2.1961093175011386,6.010727357621924,-0.023914328366154355,1e-05,0.00102,0.00255,Low-Low,Low-Low,Low-Low
TRC1,TR,"Gaziantep, Adıyaman, Kilis",Türkiye,F,T,False,candidate country,2023,PPS_HAB_EU27_2020,40,3.6888794541139363,,,<50,3,False,-1.8495451220484893,-2.1863432980048843,4.04374058194834,-0.00945219870569741,0.00012,0.0038250000000000003,0.02976,Low-Low,Low-Low,Low-Low
TRC2,TR,"Şanlıurfa, Diyarbakır",Türkiye,F,T,False,candidate country,2023,PPS_HAB_EU27_2020,26,3.258096538021482,,,<50,4,False,-2.9213774149294105,-2.1571376474513926,6.301813204158459,-0.02670662996605909,2e-05,0.00102,0.00506,Low-Low,Low-Low,Low-Low
TRC3,TR,"Mardin, Batman, Şırnak, Siirt",Türkiye,F,T,False,candidate country,2023,PPS_HAB_EU27_2020,34,3.5263605246161616,,,<50,2,False,-2.253908968275779,-2.8291832786869797,6.376721564728457,-0.012434054186579604,4e-05,0.0017000000000000001,0.01,Low-Low,Low-Low,Low-Low
